ec:c8:82:7a:3f:df, 5240, sMobileNet, -34, -34, -34, -34, -34, -34, -34, -34, -34, -32, -32, -32, -32, -32, -32, -32, -34, -34, -34, -34, -34, -34, -34, -34, -33, -33, -33, -33, -33, -34, -34, -34, -34, -34, -34, -34, -34, -34, -34, -34, -33, -33, -33, -33, -33, -32, -32, -32, -31, -31, -31, -32, -32, -32, -32, -32, -30, -30, -30, -30, -32, -32, -32, -33, -33, -33, -33, -33, -33, -33, -33, -33, -33, -31, -31, -31, -31, -31, -31, -31, -30, -30, -30, -30, -30, -30, -30, -30, -31, -31, -31, -31, -31, -31, -31, -31, -31, -31, -31, -31, 
ec:c8:82:7a:3f:dd, 5240, Universities WiFi, -29, -29, -32, -30, -31, -29, -28, -32, -32, -33, -33, -35, -34, -33, -33, -33, -33, -33, -33, -33, -33, -33, -32, -32, -33, -32, -32, -33, -33, -33, -33, -32, -33, -32, -33, -33, -30, -30, -31, -31, -30, -30, -29, -29, -31, -32, -32, -31, -30, -30, -29, -29, -29, -30, -30, -30, -28, -32, -30, -30, -31, -31, -31, -31, -31, -31, -31, -31, -31, -31, -30, -30, -29, -29, -29, -29, -29, -29, -29, -28, -31, -31, -31, -33, -29, -29, -29, -29, -29, -29, -33, -33, -33, -33, -33, -33, -33, -33, -33, -33, 
ec:c8:82:7a:3f:da, 5240, Alumni, -30, -30, -32, -30, -31, -30, -28, -32, -32, -33, -33, -34, -34, -34, -34, -32, -32, -32, -33, -33, -33, -33, -33, -33, -33, -33, -33, -33, -33, -33, -33, -32, -33, -33, -33, -33, -31, -31, -31, -31, -30, -30, -29, -29, -31, -32, -32, -31, -30, -30, -30, -30, -30, -30, -30, -30, -29, -32, -31, -31, -31, -31, -31, -31, -31, -31, -31, -31, -31, -31, -30, -30, -29, -29, -29, -29, -29, -29, -29, -29, -30, -30, -30, -32, -29, -29, -31, -30, -30, -30, -32, -33, -32, -32, -32, -32, -32, -32, -32, -31, 
ec:c8:82:7a:3f:db, 5240, eduroam, -32, -32, -34, -32, -33, -31, -30, -35, -35, -35, -35, -37, -34, -35, -35, -35, -35, -35, -35, -35, -35, -35, -35, -35, -33, -34, -35, -35, -33, -35, -35, -33, -35, -34, -35, -35, -33, -32, -33, -33, -33, -33, -31, -31, -33, -34, -32, -33, -32, -32, -31, -31, -31, -33, -33, -32, -31, -35, -33, -31, -31, -32, -31, -33, -33, -33, -33, -33, -33, -33, -32, -30, -30, -31, -31, -32, -32, -31, -28, -30, -33, -33, -33, -35, -31, -29, -32, -32, -32, -32, -36, -35, -32, -34, -34, -35, -35, -35, -35, -31, 
ec:c8:82:7a:3f:d4, 2462, eduroam, -55, -45, -44, -44, -44, -48, -48, -43, -43, -43, -43, -43, -43, -43, -43, -43, -45, -45, -42, -42, -42, -42, -42, -42, -42, -42, -42, -43, -43, -40, -40, -40, -40, -43, -43, -43, -43, -43, -43, -43, -43, -43, -45, -45, -45, -45, -46, -46, -46, -46, -46, -46, -46, -46, -41, -41, -41, -41, -41, -41, -43, -43, -42, -42, -42, -42, -42, -42, -40, -40, -40, -40, -40, -40, -40, -42, -42, -42, -42, -42, 
ec:c8:82:7a:df:6a, 5180, Alumni, -60, -60, -60, -60, -63, -60, -59, -63, -61, -58, -59, -58, -60, -60, -61, -62, -63, -63, -62, -62, -62, -61, -61, -61, -62, -62, -65, -65, -64, -64, -63, -63, -64, -62, -63, -64, -64, -64, -63, -63, -63, -65, -65, -65, -62, -60, -58, -59, -63, -61, -62, -62, -62, -63, -62, -65, -60, -61, -59, -58, -59, -61, -60, -60, -59, -59, -59, -60, -65, -62, -62, -63, -63, -61, -60, -59, -63, -61, -61, -61, -65, -65, -65, -61, -63, -60, -63, -61, -63, -63, -62, -58, -59, -59, -59, -60, -61, -63, -63, -64, 
ec:c8:82:7a:df:6d, 5180, Universities WiFi, -60, -60, -60, -60, -61, -60, -59, -63, -59, -58, -59, -58, -58, -60, -61, -63, -63, -63, -62, -62, -61, -61, -60, -60, -61, -61, -65, -66, -65, -65, -62, -62, -63, -62, -63, -63, -63, -63, -62, -62, -63, -63, -67, -65, -62, -60, -58, -59, -63, -62, -62, -62, -62, -63, -62, -65, -60, -62, -59, -59, -59, -60, -59, -60, -58, -58, -58, -59, -66, -62, -63, -64, -64, -61, -60, -58, -58, -61, -61, -61, -65, -64, -64, -61, -62, -59, -61, -61, -63, -62, -62, -58, -59, -59, -59, -60, -60, -62, -62, -64, 
ec:c8:82:7a:df:6f, 5180, sMobileNet, -62, -62, -62, -61, -62, -61, -61, -64, -61, -59, -61, -60, -60, -61, -62, -64, -64, -65, -62, -63, -62, -62, -61, -61, -63, -63, -66, -66, -65, -65, -65, -64, -65, -63, -63, -64, -64, -65, -63, -64, -64, -66, -66, -66, -63, -61, -59, -60, -64, -63, -63, -63, -63, -63, -63, -66, -62, -62, -60, -60, -60, -60, -60, -61, -61, -60, -60, -60, -65, -62, -62, -64, -64, -62, -61, -60, -60, -62, -62, -62, -65, -65, -65, -61, -63, -61, -63, -61, -64, -62, -63, -59, -61, -58, -58, -60, -60, -63, -63, -65, 
ec:c8:82:7a:df:6b, 5180, eduroam, -62, -62, -62, -62, -63, -62, -61, -65, -61, -60, -61, -61, -61, -62, -63, -64, -65, -65, -64, -64, -63, -63, -62, -62, -63, -63, -64, -68, -66, -66, -66, -65, -66, -64, -64, -65, -65, -66, -64, -64, -65, -66, -66, -66, -64, -61, -60, -61, -65, -63, -65, -65, -65, -65, -64, -66, -62, -64, -61, -61, -61, -62, -61, -63, -61, -61, -61, -61, -66, -64, -64, -65, -66, -63, -62, -62, -62, -63, -63, -63, -63, -63, -66, -62, -64, -62, -64, -63, -65, -64, -64, -60, -62, -61, -61, -63, -63, -64, -64, -66, 
90:c1:15:19:48:f8, 2462, kt_network, -65, -73, -71, -71, -69, -70, -72, -70, -72, -64, -66, -70, -74, -76, -76, -76, -76, -76, -76, -76, -76, 
00:25:84:23:1e:2e, 5240, Universities WiFi, -66, -66, -66, -65, -63, -63, -63, -63, -70, -70, -70, -66, -64, -67, -65, -65, -65, -65, -65, -65, -64, -62, -64, -66, -66, -66, -66, -65, -64, -64, -64, -64, -64, -64, -64, -64, -64, -65, -64, -64, -68, -68, -66, -66, -66, -66, -66, -66, -66, -69, -69, -69, -69, -66, -66, -66, -66, -70, -70, -70, -70, -70, -70, -70, -70, -70, -70, -73, -73, -69, -65, -65, -67, -67, -64, -64, -65, -65, -65, -65, -67, -67, -64, -64, -64, -64, -63, -64, -64, -64, -66, -66, -68, -68, -68, -68, -68, -67, 
00:25:84:23:1e:2c, 5240, Alumni, -65, -66, -66, -66, -64, -64, -64, -64, -68, -68, -69, -67, -67, -69, -69, -69, -69, -67, -66, -66, -66, -66, -66, -66, -66, -66, -66, -67, -67, -67, -67, -70, -70, -70, -70, -70, -66, -66, -67, -67, -66, -66, -66, -66, -66, -70, -70, -70, -70, -69, -69, -69, -69, -69, -69, -69, -69, -67, -67, -67, -67, -72, -72, -72, -72, -72, -72, -72, -72, -75, -75, -75, -65, -65, -65, -65, -64, -64, -67, -67, -67, -67, -67, -67, -65, -65, -65, -65, -64, -65, -65, -65, -65, -70, -69, -69, -69, -69, -69, -69, 
ec:c8:82:7a:dc:55, 2462, Alumni, -69, -75, -75, -75, -75, -74, -70, -70, -69, -69, -69, -69, -69, -67, -67, -67, -68, -67, -67, -67, -67, -67, -67, -67, -67, -67, -67, -67, -67, -68, -67, -67, -67, -67, -67, -70, -70, -70, -69, -69, -69, -69, -69, -70, -70, -70, -70, -70, -70, -74, -74, -74, -74, -71, -71, -71, -71, -71, -71, -71, -71, -71, -71, -73, -71, -71, -71, -69, -69, -69, -69, -69, -69, -69, -69, -69, -69, -69, -71, -71, -71, -71, -71, -71, -71, -71, -71, -70, -70, -70, -70, -70, -69, -69, 
ec:c8:82:7a:de:65, 2437, Alumni, -70, -70, -70, -70, -70, -66, -71, -71, -71, -71, -69, -65, -65, -70, -70, -70, -70, -70, -69, -66, -66, -70, -70, -70, -66, -66, -66, -68, -68, -68, -68, -68, -68, -69, -69, -67, -67, -67, -67, -67, -67, -67, -67, -67, -67, -67, -70, -70, -71, -73, -73, -73, -73, -67, -67, -67, -67, -70, -68, -68, -68, -68, -68, -68, -68, -68, -68, -71, -71, -71, -73, -73, -73, -74, -74, -74, -74, -74, -75, -75, -75, -75, -75, -70, -70, -70, -70, -71, -68, -66, -66, -66, -68, -68, -69, -69, 
02:1a:11:fd:a2:48, 2437, Elaine AP, -84, -83, -85, -85, -81, -84, -80, -85, -81, -81, -82, -83, -82, -79, -82, -78, -79, -83, -83, -86, -90, -90, -90, -90, -86, -88, -87, -88, -90, -86, -86, -86, -82, -89, -89, -85, -85, -84, -86, -88, -90, -89, -89, -89, -89, -89, -89, -89, -89, -89, -89, -92, -92, -92, -92, -92, -92, -92, -92, 
90:72:40:16:f6:36, 2462, PAO, -78, -75, -74, -76, -79, -75, -81, -81, -81, -78, -76, -79, -81, -82, -82, -81, -79, -83, -79, -82, -81, -77, -77, -81, -81, -80, -80, -78, -80, -80, -80, -80, -80, -80, -81, -81, -81, -80, -78, -83, -83, -80, -81, -81, -81, -81, -80, -77, -80, -78, -79, -75, -78, -80, -84, -82, -81, -80, -80, -81, -79, -80, -80, -80, -80, -78, -80, -80, -80, -78, -82, -80, -79, -79, -79, -79, -80, -81, -82, -82, -82, -82, -81, -83, -82, -81, -83, -84, -87, -83, -83, -83, -79, -80, -80, -80, -79, -79, -77, -77, 
84:74:2a:d3:05:24, 2412, 4GLTE_D30524, -75, -81, -81, -81, -81, -76, -82, -82, -82, -84, -79, -79, -78, -80, -79, -82, -81, -81, -81, -82, -83, -83, -83, -83, -81, -81, -77, -77, -77, -80, -76, -80, -80, -78, -78, -78, -75, -76, -74, -77, -75, -74, -74, -74, -77, -79, -79, -75, -75, -75, -75, -83, -81, -81, -81, -79, -79, -78, -82, -82, -82, -82, -82, -82, -82, -82, -85, -85, -85, -85, -85, -85, -85, -85, -78, -78, -78, -81, -80, -75, -80, -76, -76, -77, -73, -73, -75, -77, -77, -73, -73, -78, -75, -77, -78, -78, -78, -78, 
ec:c8:82:7a:3f:dc, 5240, Y5ZONE, -30, -30, -31, -30, -31, -30, -29, -33, -33, -33, -33, -35, -34, -34, -34, -32, -32, -32, -33, -33, -33, -33, -32, -32, -32, -32, -33, -33, -33, -33, -32, -32, -32, -32, -33, -33, -31, -30, -31, -31, -31, -31, -30, -30, -31, -32, -32, -31, -30, -30, -29, -29, -29, -31, -31, -30, -29, -32, -31, -31, -32, -32, -32, -32, -32, -31, -31, -30, -30, -31, -29, -29, -29, -29, -29, -29, -29, -29, -28, -29, -30, -30, -30, -32, -29, -29, -30, -30, -30, -30, -33, -32, -32, -32, -32, -32, -32, -32, -32, -32, 
ec:c8:82:7a:3f:de, 5240, PCCW, -30, -30, -32, -31, -32, -30, -29, -33, -33, -33, -33, -35, -35, -34, -34, -33, -33, -33, -34, -33, -34, -34, -33, -33, -33, -33, -33, -33, -33, -33, -33, -33, -34, -33, -35, -35, -32, -31, -32, -32, -31, -31, -30, -30, -32, -33, -33, -33, -30, -31, -31, -31, -31, -31, -31, -31, -29, -33, -31, -31, -32, -32, -32, -32, -32, -32, -32, -32, -30, -31, -30, -30, -29, -29, -29, -30, -30, -29, -29, -29, -31, -31, -31, -33, -30, -30, -31, -31, -31, -31, -33, -33, -32, -33, -33, -33, -33, -33, -33, -32, 
ec:c8:82:7a:3f:d1, 2462, PCCW, -43, -43, -42, -42, -43, -46, -42, -40, -44, -42, -43, -44, -40, -41, -41, -41, -42, -42, -42, -40, -42, -42, -41, -40, -39, -40, -41, -41, -41, -41, -41, -41, -40, -41, -42, -42, -40, -40, -41, -41, -40, -40, -40, -40, -42, -43, -42, -45, -44, -44, -43, -42, -42, -42, -42, -40, -39, -39, -41, -40, -40, -41, -41, -41, -41, -41, -41, -41, -40, -41, -39, -39, -41, -38, -38, -38, -40, -38, -38, -38, -38, -38, -38, -39, -39, -39, -43, -45, -44, -42, -41, -40, -40, -40, -40, -40, -40, -40, -40, -40, 
ec:c8:82:7a:3f:d3, 2462, Y5ZONE, -42, -42, -41, -42, -43, -45, -41, -39, -43, -41, -42, -43, -42, -42, -40, -40, -42, -42, -42, -40, -42, -41, -40, -39, -38, -39, -40, -42, -41, -41, -41, -40, -39, -40, -41, -41, -39, -39, -39, -43, -40, -42, -42, -44, -44, -44, -43, -46, -46, -45, -44, -44, -43, -43, -43, -41, -41, -41, -42, -42, -40, -40, -40, -40, -40, -40, -40, -40, -38, -41, -39, -39, -41, -38, -37, -37, -40, -37, -37, -37, -41, -41, -41, -41, -41, -41, -44, -47, -44, -43, -43, -43, -43, -43, -43, -43, -43, -43, -43, -40, 
ec:c8:82:7a:df:6c, 5180, Y5ZONE, -60, -61, -61, -61, -63, -61, -61, -63, -60, -58, -60, -60, -60, -61, -61, -62, -63, -67, -63, -63, -62, -62, -61, -61, -62, -63, -65, -65, -64, -64, -63, -63, -64, -62, -63, -64, -64, -64, -63, -63, -63, -64, -67, -66, -64, -61, -59, -59, -64, -63, -63, -62, -62, -63, -62, -65, -60, -62, -59, -60, -60, -60, -58, -61, -60, -60, -60, -60, -64, -62, -62, -64, -64, -62, -62, -59, -64, -62, -63, -63, -65, -64, -64, -61, -62, -62, -63, -61, -63, -63, -63, -59, -60, -60, -60, -61, -61, -63, -63, -64, 
ec:c8:82:7a:df:6e, 5180, PCCW, -62, -62, -61, -62, -62, -61, -60, -64, -61, -60, -61, -60, -60, -61, -61, -62, -63, -66, -62, -62, -62, -62, -61, -61, -63, -63, -65, -65, -64, -64, -62, -62, -63, -62, -63, -64, -64, -64, -62, -63, -63, -64, -66, -65, -64, -62, -60, -60, -64, -64, -64, -63, -62, -63, -61, -65, -61, -63, -61, -60, -61, -61, -59, -62, -61, -61, -61, -61, -65, -61, -62, -63, -63, -63, -62, -61, -65, -64, -63, -63, -65, -64, -64, -61, -62, -62, -63, -62, -65, -65, -64, -60, -62, -60, -60, -60, -60, -63, -63, -63, 
ec:c8:82:7a:dc:51, 2462, PCCW, -70, -70, -72, -72, -69, -71, -73, -69, -73, -70, -70, -71, -71, -70, -68, -67, -68, -68, -67, -66, -68, -67, -67, -67, -67, -67, -67, -67, -67, -67, -67, -67, -68, -67, -69, -69, -69, -70, -69, -69, -67, -67, -67, -68, -71, -70, -69, -73, -69, -68, -69, -70, -72, -72, -68, -71, -70, -71, -71, -71, -73, -73, -72, -72, -72, -72, -72, -72, -72, -68, -68, -68, -67, -69, -69, -69, -69, -70, -71, -69, -69, -69, -70, -70, -70, -70, -71, -71, -71, -72, -72, -72, -69, -70, -70, -70, -70, -70, -67, -67, 
ec:c8:82:7a:de:61, 2437, PCCW, -67, -68, -66, -66, -65, -67, -65, -70, -69, -70, -68, -68, -64, -67, -68, -69, -67, -70, -66, -66, -66, -64, -68, -69, -68, -65, -66, -68, -68, -68, -68, -68, -68, -67, -67, -67, -67, -66, -65, -66, -66, -67, -71, -70, -66, -68, -66, -64, -64, -66, -66, -66, -67, -70, -69, -70, -70, -67, -67, -65, -65, -65, -67, -69, -69, -69, -69, -69, -70, -70, -70, -71, -69, -70, -72, -76, -77, -75, -73, -73, -73, -75, -75, -75, -75, -73, -73, -70, -70, -70, -71, -71, -68, -65, -66, -67, -67, -67, -68, -68, 
ec:c8:82:7a:dc:53, 2462, Y5ZONE, -73, -75, -75, -77, -72, -76, -76, -73, -73, -69, -72, -70, -70, -69, -66, -66, -68, -68, -66, -66, -67, -67, -67, -67, -69, -68, -68, -67, -67, -67, -67, -67, -68, -68, -69, -70, -71, -71, -70, -69, -68, -68, -68, -68, -72, -71, -71, -75, -70, -70, -71, -72, -74, -73, -73, -72, -72, -73, -72, -74, -75, -74, -74, -74, -74, -74, -73, -73, -73, -72, -72, -70, -67, -70, -70, -70, -69, -69, -70, -70, -71, -71, -71, -71, -70, -70, -72, -71, -71, -71, -71, -71, -74, -71, -71, -70, -73, -71, -69, -69, 
34:bd:c8:db:54:01, 2437, PCCW, -70, -70, -74, -73, -72, -72, -74, -74, -74, -73, -75, -75, -75, -75, -75, -75, -75, -75, -75, -79, -75, -74, -73, -74, -74, -72, -76, -73, -73, -73, -74, -73, -73, -73, -73, -73, -73, -73, -75, -75, -78, -75, -75, -75, -71, -74, -78, -76, -77, -77, -77, -77, -77, -77, -77, -73, -72, -73, -73, -75, -75, -75, -75, -75, -75, -75, -75, -76, -72, -73, -73, -72, -70, -71, -71, -71, -71, -71, -71, -71, -71, -71, -71, -71, -71, -71, -71, -71, -74, -74, -72, -69, -73, -72, -72, -72, -72, -72, -73, -72, 
ec:c8:82:7a:df:63, 2412, Y5ZONE, -67, -67, -63, -67, -67, -67, -68, -73, -71, -69, -68, -68, -68, -67, -67, -68, -67, -71, -68, -69, -65, -65, -66, -67, -66, -66, -66, -70, -70, -69, -73, -71, -69, -69, -65, -65, -71, -70, -70, -70, -70, -72, -68, -68, -65, -69, -72, -71, -71, -71, -71, -70, -70, -70, -71, -71, -67, -65, -65, -69, -65, -65, -65, -65, -65, -65, -65, -65, -65, -69, -73, -74, -74, -71, -70, -74, -74, -72, -73, -74, -74, -70, -69, -69, -73, -72, -72, -72, -71, -70, -70, -69, -69, -68, -68, -72, -73, -73, -72, -72, 
34:bd:c8:db:54:03, 2437, Y5ZONE, -71, -75, -75, -75, -75, -76, -76, -76, -73, -74, -74, -72, -72, -72, -72, -75, -75, -75, -75, -75, -76, -75, -75, -75, -75, -75, -75, -74, -73, -73, -74, -74, -74, -74, -75, -75, -73, -72, -75, -74, -77, -77, -77, -78, -73, -73, -78, -77, -77, -80, -76, -76, -76, -76, -76, -74, -74, -74, -73, -73, -73, -76, -77, -77, -76, -76, -76, -77, -73, -75, -73, -73, -71, -71, -71, -73, -73, -73, -72, -72, -72, -72, -72, -71, -72, -70, -74, -72, -76, -75, -74, -72, -76, -72, -73, -73, -73, -73, -73, -73, 
00:23:eb:3a:0c:33, 2437, Y5ZONE, -77, -77, -77, -74, -72, -72, -73, -73, -75, -75, -76, -77, -74, -72, -73, -73, -73, -73, -73, -75, -75, -75, -79, -74, -72, -75, -75, -72, -73, -73, -73, -77, -77, -77, -79, -77, -77, -77, -77, -80, -77, -80, -76, -75, -76, -73, -73, -75, -76, -73, -74, -74, -73, -72, -75, -75, -75, -75, -75, -74, -74, -74, -74, -74, -75, -74, -74, -73, -73, -72, -73, -73, -75, -72, -73, -74, -76, -75, -75, -75, -74, -78, -76, -76, -77, -77, -77, -78, -78, -78, -77, -75, -75, -76, -77, -77, -81, -79, -78, -74, 
ec:c8:82:7a:de:63, 2437, Y5ZONE, -67, -67, -67, -68, -66, -67, -67, -74, -70, -70, -70, -71, -67, -69, -72, -72, -70, -71, -69, -69, -69, -67, -71, -71, -70, -68, -68, -70, -70, -70, -70, -69, -70, -70, -69, -69, -68, -68, -67, -67, -68, -68, -72, -71, -66, -71, -68, -66, -66, -67, -69, -65, -66, -68, -69, -70, -70, -67, -68, -68, -65, -65, -66, -67, -67, -67, -67, -67, -69, -68, -71, -73, -71, -72, -74, -76, -76, -76, -73, -73, -76, -75, -73, -76, -75, -72, -72, -69, -68, -68, -73, -72, -71, -68, -68, -69, -70, -70, -70, -70, 
ec:c8:82:7a:e1:61, 2412, PCCW, -77, -77, -77, -76, -76, -76, -76, -77, -76, -76, -76, -76, -76, -76, -80, -80, -80, -77, -80, -80, -78, -78, -76, -76, -76, -76, -76, -76, -77, -77, -77, -76, -76, -76, -76, -76, -76, -76, -75, -74, -74, -74, -74, -74, -76, -76, -78, -78, -78, -78, -76, -76, -76, -77, -77, -77, -77, -77, -77, -77, -75, -75, -76, -75, -76, -76, -76, -76, -76, -75, -75, -74, -74, -74, -74, -76, -76, -76, -76, -76, -77, -77, -76, -78, -80, -80, -78, -78, -76, -76, -77, -77, -75, -75, -75, -75, -75, -75, -75, -75, 
ec:c8:82:7a:e1:63, 2412, Y5ZONE, -78, -78, -78, -79, -79, -79, -77, -79, -78, -78, -78, -76, -76, -78, -79, -79, -79, -77, -78, -78, -78, -78, -75, -79, -79, -79, -75, -75, -77, -77, -77, -75, -75, -75, -75, -74, -71, -74, -73, -72, -73, -73, -74, -74, -74, -74, -78, -76, -76, -79, -80, -80, -79, -80, -76, -79, -79, -76, -78, -78, -75, -75, -77, -77, -77, -79, -79, -80, -79, -76, -76, -74, -74, -74, -77, -77, -78, -77, -77, -76, -77, -77, -77, -80, -81, -81, -81, -81, -78, -78, -78, -78, -75, -78, -77, -77, -78, -78, -79, -78, 
00:25:84:23:1e:2d, 5240, eduroam, -68, -68, -68, -65, -65, -65, -68, -65, -65, -65, -65, -65, -65, -65, -65, -65, -65, -65, -65, -65, -65, -64, -64, -67, -67, -68, -68, -68, -68, -68, -68, -68, -65, -65, -65, -65, -66, -66, -64, -64, -64, -68, -67, -67, -67, -67, -67, -67, -67, -69, -68, -68, -68, -64, -64, -64, -64, -64, -71, -70, -70, -70, -70, -70, -72, -72, -72, -72, -72, -68, -68, -67, -67, -68, -68, -68, -65, -65, -66, -66, -66, -66, -66, -66, -66, -66, -66, -66, -64, -68, -67, -67, -67, -67, -67, -69, -68, -68, 
ec:c8:82:7a:de:62, 2437, Universities WiFi, -69, -69, -69, -69, -69, -69, -69, -72, -72, -72, -72, -72, -72, -72, -73, -73, -69, -69, -65, -65, -69, -68, -68, -68, -68, -68, -68, -68, -69, -69, -69, -69, -69, -69, -69, -68, -68, -68, -68, -68, -68, -68, -68, -66, -66, -66, -66, -66, -66, -66, -66, -68, -68, -68, -68, -68, -68, -68, -72, -71, -71, -75, -75, -75, -75, -75, -75, -76, -76, -76, -76, -76, -76, -76, -68, -70, -70, 
ec:c8:82:7a:de:64, 2437, eduroam, -66, -66, -67, -67, -67, -67, -67, -75, -71, -71, -71, -71, -71, -71, -71, -73, -69, -71, -71, -68, -68, -67, -67, -67, -67, -67, -67, -67, -70, -69, -69, -69, -69, -69, -68, -68, -67, -67, -67, -67, -67, -67, -67, -65, -65, -65, -65, -65, -65, -68, -68, -68, -71, -71, -70, -70, -70, -72, -72, -72, -72, -69, -71, -71, -71, -77, -77, -77, -75, -75, -75, -75, -75, -76, -76, -76, -76, -72, -72, -72, -72, -72, -72, -72, -69, -68, -68, 
00:25:84:23:1e:22, 2412, eduroam, -72, -73, -73, -73, -73, -73, -73, -73, -72, -72, -72, -73, -73, -73, -73, -73, -73, -73, -74, -74, -73, -73, -73, -73, -73, -73, -73, -73, -72, -72, -72, -72, -72, -72, -72, -72, -72, -72, -71, -71, -71, -71, -71, -71, -71, -71, -73, -73, -73, -73, -73, -73, -73, 
00:25:45:a5:1f:3d, 5200, eduroam, -73, -71, -71, -71, -71, -71, -71, -71, -74, -73, -73, -73, -73, -73, -73, -73, 
34:bd:c8:db:54:02, 2437, Universities WiFi, -71, -71, -71, -71, -72, -72, -72, -72, -72, -72, -72, -75, -75, -75, -75, -75, -75, -75, -73, -72, -72, -74, -74, -74, -74, -74, -74, -75, -79, -77, -77, -77, -73, -74, -74, -74, -74, -74, -74, -78, -77, -77, -75, -74, -74, -74, -74, -74, -74, -74, -76, -75, -75, -75, -76, -76, -76, -72, -74, -72, -71, -74, -74, -74, -74, -74, -74, -74, -74, -74, -72, -72, -71, -74, -71, -71, -71, -72, -71, -76, -75, -75, -73, -74, -74, -74, -74, 
ec:c8:82:7a:dc:54, 2462, eduroam, -72, -75, -70, -70, -70, -70, -70, -71, -71, -68, -68, -68, -69, -69, -69, -69, -69, -69, -69, -69, -69, -69, -69, -70, -70, -70, -72, -72, -72, -72, -72, -72, -72, -67, -67, -70, -70, -70, -69, -69, -69, -69, -69, -73, -73, -73, -69, -69, -71, -71, -71, -71, -71, -71, -71, -71, -71, -71, -72, -72, -72, -72, -70, -70, -70, -71, -71, -71, -71, -71, -71, -71, -72, -71, -71, -72, -72, -68, -68, 
00:23:eb:3a:15:b0, 2437, sMobileNet, -73, -78, -78, -78, -79, -78, -78, -78, -78, -78, -78, -78, -73, -73, -73, -73, -73, -73, -73, -73, -73, -73, -73, -73, -76, -77, -77, -77, -71, -71, -71, -71, -77, -77, -77, -77, -77, -77, -77, -79, -79, -77, -77, -77, -77, -77, -77, -77, -77, -77, -75, -75, -75, -75, -78, -78, -76, -79, -80, -80, -80, -80, -80, -80, -77, -77, -77, -77, -77, -77, -78, -78, -78, -79, -79, 
34:bd:c8:db:57:80, 2437, sMobileNet, -74, -80, -80, -80, -80, -80, -80, -80, -76, -76, -76, -76, -76, -76, -75, -75, -75, -75, -75, -75, -75, -75, -75, -75, -75, -75, -75, -75, -75, -75, -74, -74, -74, -74, -74, -74, -75, -77, -76, -76, -76, -76, -76, -79, -78, -78, -78, -78, -80, -80, -80, -78, -78, -78, -78, -78, -78, -75, -76, -76, -76, -76, -79, -83, -81, -77, -77, -79, -79, -79, -80, -80, -80, -80, -80, -78, -78, -78, -78, -78, -75, -75, -75, -78, -78, -77, -77, -77, -77, -77, -77, -78, 
00:25:84:23:1c:63, 2437, Alumni, -75, -77, -77, -77, -77, -77, -77, -77, -77, -77, -77, -77, -77, -77, -77, -77, -77, -76, -76, -76, -76, -76, -76, -75, -75, -75, -75, -75, -75, -75, -76, -75, -75, -75, -75, -75, -75, -76, -76, -75, -75, -75, -75, -75, -75, -75, -75, -75, -75, -75, -77, 
ec:c8:82:7a:df:61, 2412, PCCW, -68, -67, -64, -67, -67, -67, -68, -69, -71, -68, -68, -68, -68, -67, -69, -69, -68, -71, -71, -71, -66, -65, -67, -68, -68, -68, -70, -71, -71, -71, -71, -71, -67, -70, -66, -65, -69, -70, -69, -71, -71, -72, -69, -69, -65, -69, -68, -67, -69, -69, -68, -67, -67, -67, -68, -68, -68, -66, -66, -66, -64, -64, -64, -64, -64, -64, -64, -64, -64, -68, -71, -71, -71, -69, -69, -71, -73, -71, -71, -71, -71, -69, -70, -70, -72, -72, -72, -72, -72, -71, -70, -69, -69, -70, -70, -70, -73, -73, -73, -73, 
00:25:84:23:1e:2f, 5240, sMobileNet, -68, -66, -66, -65, -65, -65, -65, -65, -67, -67, -67, -67, -67, -67, -67, -66, -66, -64, -64, -64, -64, -64, -64, -64, -69, -66, -66, -66, -66, -65, -65, -65, -65, -66, -66, -66, -66, -66, -66, -66, -66, -66, -66, -66, -69, -69, -69, -69, -69, -69, -69, -69, -69, -65, -65, -66, -66, -74, -74, -74, -74, -74, -74, -72, -72, -73, -73, -73, -73, -69, -69, -65, -67, -67, -69, -69, -69, -69, -69, -69, -66, -66, -66, -66, -65, -69, -69, -69, -69, -69, -71, -71, -71, -71, 
ec:c8:82:7a:df:65, 2412, Alumni, -69, -66, -63, -63, -63, -63, -63, -63, -63, -63, -70, -71, -71, -69, -69, -69, -69, -69, -69, -69, -69, -65, -65, -69, -69, -69, -69, -69, -69, -69, -65, -65, -68, -68, -68, -68, -69, -69, -69, -69, -69, -69, -67, -67, -67, -67, -67, -67, -65, -65, -65, -65, -65, -74, -74, -74, -74, -74, -76, -73, -73, -73, -73, -73, -73, -73, -73, -74, -74, -75, -75, -75, -74, -73, -73, -73, -73, -73, -73, -73, -73, -79, 
00:25:45:a5:1f:3f, 5200, sMobileNet, -74, -73, -73, -73, -73, -73, -73, -73, -73, -74, -74, -74, -74, -74, -74, 
00:25:84:23:1c:6e, 5240, Universities WiFi, -73, -68, -68, -68, -68, -68, -71, -71, -71, -71, -71, -71, -71, -71, -71, -75, -75, -74, -74, -74, -74, -74, -74, -74, -75, -75, -75, -75, -75, -75, -74, -74, -73, -73, -73, -70, -70, -70, -70, -70, -70, -70, -70, -70, -74, -73, -73, -73, -73, -73, -73, -73, -75, -75, -75, -75, -75, -74, -74, -74, -74, -74, -75, -75, -75, -75, -75, -75, -75, -75, -75, -75, -75, -74, -74, -74, -74, -74, -74, -74, -74, -74, -74, -74, -74, -74, -74, 
00:23:eb:3a:0c:35, 2437, Alumni, -76, -76, -76, -75, -75, -73, -73, -73, -73, -74, -77, -77, -73, -72, -72, -72, -72, -74, -74, -75, -75, -75, -78, -78, -78, -78, -78, -72, -74, -74, -74, -74, -74, -74, -79, -79, -79, -79, -79, -79, -79, -74, -74, -74, -74, -74, -74, -74, -74, -74, -74, -74, -74, -74, -75, -75, -74, -74, -72, -72, -72, -72, -72, -72, -72, -77, -75, -75, -75, -75, -75, -75, -77, -77, -77, -73, -73, -76, -76, -76, -74, -74, -74, -74, -74, -74, -74, -74, -74, 
00:23:eb:3a:0c:31, 2437, PCCW, -79, -77, -77, -75, -72, -72, -72, -72, -72, -72, -76, -76, -72, -71, -71, -72, -71, -71, -73, -74, -74, -73, -77, -73, -72, -74, -75, -72, -73, -75, -75, -75, -75, -78, -78, -78, -77, -77, -77, -79, -78, -78, -75, -75, -76, -74, -73, -74, -74, -74, -73, -73, -73, -73, -74, -74, -76, -76, -74, -74, -74, -75, -75, -75, -76, -75, -75, -73, -73, -72, -73, -73, -73, -73, -74, -74, -76, -76, -77, -77, -76, -76, -74, -75, -75, -77, -75, -75, -75, -77, -75, -75, -75, -75, -76, -77, -79, -79, -77, -75, 
00:25:84:23:1c:d0, 2462, sMobileNet, -70, -68, -68, -68, -68, -68, -68, -68, -68, -68, -66, -66, -66, -66, -67, -67, -67, -67, -67, -67, -67, -64, -64, -64, -65, -65, -65, -65, -65, -65, -71, -71, -71, -71, -71, -71, -71, -68, -68, -68, -68, -68, -68, -68, -68, -68, -68, -68, -68, -64, -64, -64, -64, -64, -64, -64, 
00:25:84:23:1c:d2, 2462, eduroam, -71, -67, -67, -67, -67, -67, -67, -67, -67, -68, -68, -68, -68, -68, -66, -66, -66, -66, -66, -66, -66, -66, -66, -66, -66, -66, -66, -66, -66, -67, -67, -65, -67, -67, -67, -67, -67, -67, -67, -67, -67, -70, -70, -70, -70, -70, -70, -70, -69, -69, -69, -69, -69, -69, -69, -69, -66, -66, -66, -66, -66, -66, -66, -70, -70, -70, -70, -70, -70, -70, -68, -68, 
ec:c8:82:7a:dc:50, 2462, sMobileNet, -73, -75, -75, -75, -75, -77, -72, -72, -70, -70, -70, -70, -70, -69, -69, -69, -70, -67, -69, -69, -69, -69, -69, -69, -69, -68, -68, -68, -68, -68, -69, -69, -69, -69, -70, -70, -71, -70, -70, -70, -69, -69, -69, -69, -69, -70, -70, -70, -70, -71, -71, -74, -74, -71, -71, -71, -71, -73, -73, -73, -73, -73, -73, -73, -73, -73, -73, -73, -73, -73, -70, -70, -70, -70, -70, -70, -70, -71, -70, -70, -70, -72, -72, -72, -72, -72, -75, -72, -72, -72, -73, -72, -72, -73, -73, -69, -69, 
00:25:84:23:1e:62, 2412, eduroam, -75, -75, -75, -75, -75, -80, -80, -79, -77, -77, -77, -77, -80, -80, -80, -80, -80, -80, -80, -81, -81, -81, -79, -77, -77, -81, -81, -81, -77, -77, -77, -75, -74, -74, -74, -74, -74, -74, -74, -74, -74, -74, -75, -75, -75, -75, -75, -75, -75, -75, -75, -77, -77, -77, -77, -77, -77, -77, -77, -76, -76, -76, -75, -75, -75, -75, -75, -75, -75, -78, -76, -75, -75, -75, -75, -75, -75, 
00:25:84:23:1e:60, 2412, sMobileNet, -78, -78, -78, -81, -81, -81, -79, -79, -79, -79, -79, -79, -79, -79, -79, -79, -80, -80, -80, -80, -80, -80, -81, -81, -81, -81, -81, -81, -81, -81, -77, -75, -75, -75, -75, -75, -75, -75, -76, -76, -76, -76, -76, -74, -75, -75, -75, -75, -74, -75, -75, -75, -75, -75, -78, -78, -78, -77, -77, -77, -77, -77, -77, -77, -77, -78, -77, -77, -77, -77, -77, -78, -78, -78, -78, -78, -78, -77, -77, 
00:25:84:86:6c:54, 2412, eduroam, -80, 
ec:c8:82:7a:3f:d5, 2462, Alumni, -42, -42, -42, -46, -46, -46, -45, -45, -44, -44, -47, -47, -47, -43, -41, -41, -41, -41, -41, -41, -43, -41, -41, -39, -42, -42, -42, -41, -41, -41, -41, -41, -41, -41, -41, -41, -41, -43, -43, -43, -43, -43, -43, -42, -45, -45, -45, -45, -45, -45, -45, -45, -45, -45, -43, -43, -43, -44, -44, -40, -40, -40, -43, -43, -40, -39, -43, -43, -42, -43, -43, -43, -43, -44, -44, -44, -38, -38, -38, -39, -40, -40, -40, -40, -40, -44, -44, -44, -44, -44, -42, -42, -42, -42, -42, -42, -39, 
34:bd:c8:db:54:00, 2437, sMobileNet, -72, -75, -75, -75, -75, -75, -75, -75, -75, -75, -75, -75, -75, -75, -75, -75, -75, -75, -75, -75, -75, -75, -75, -75, -75, -82, -78, -78, -78, -78, -78, -78, -77, -77, -77, -77, -77, -77, -78, -78, -75, -75, -75, -76, -76, -75, -75, -75, -77, -77, -77, -77, -78, -74, -74, -74, -74, -72, -72, -73, -73, -73, -73, -73, -73, -73, -73, -73, -73, -73, -72, -75, -74, -74, -74, -74, -71, -75, -74, -74, -74, -74, -74, -74, -74, 
ec:c8:82:7a:df:60, 2412, sMobileNet, -69, -67, -64, -68, -68, -68, -69, -69, -69, -69, -69, -69, -69, -69, -69, -71, -71, -71, -71, -71, -71, -71, -65, -65, -65, -65, -65, -65, -65, -69, -69, -69, -69, -69, -69, -69, -70, -70, -70, -68, -67, -66, -66, -66, -65, -65, -65, -65, -65, -65, -65, -65, -65, -65, -73, -73, -73, -71, -72, -74, -74, -74, -74, -74, -74, -71, -71, -71, -71, -71, -71, -71, -74, -74, -74, -74, 
ec:c8:82:7a:e1:60, 2412, sMobileNet, -80, -81, -81, -81, -80, -80, -80, -80, -79, -79, -79, -79, -79, -79, -77, -77, -77, -77, -77, -77, -77, -75, -75, -75, -75, -75, -75, -75, -77, -77, -77, -77, -77, -77, -75, -75, -75, -75, -75, -75, -75, -79, -79, -79, -79, -75, -75, -75, -75, -75, -75, -75, -78, -78, -78, -78, -78, -78, -78, -78, -77, -77, -77, -77, -77, -77, -77, -78, -78, -78, -78, 
ec:c8:82:7a:de:60, 2437, sMobileNet, -66, -67, -67, -67, -67, -67, -67, -73, -73, -73, -73, -73, -73, -70, -70, -70, -70, -74, -74, -70, -70, -70, -71, -71, -69, -69, -69, -69, -69, -69, -69, -69, -69, -69, -69, -69, -68, -68, -68, -68, -68, -68, -68, -70, -67, -67, -67, -65, -65, -65, -65, -65, -68, -70, -70, -70, -70, -70, -70, -70, -67, -67, -67, -68, -68, -68, -68, -68, -68, -69, -69, -71, -71, -71, -73, -73, -77, -77, -73, -73, -73, -73, -73, -73, -77, -73, -73, -73, -69, -69, -69, -69, -69, -67, -67, -67, -67, -67, -71, -71, 
00:1d:70:92:dc:bc, 5240, eduroam, -75, -73, -73, -73, -73, -73, -73, -73, -73, -73, -73, -73, -73, -73, -73, -73, -75, -75, -75, -74, -74, -74, -74, -74, -74, -74, -74, 
ec:c8:82:7a:dc:52, 2462, Universities WiFi, -71, -74, -74, -74, -74, -74, -71, -71, -70, -67, -67, -67, -69, -69, -67, -67, -67, -67, -67, -67, -67, -67, -67, -69, -69, -69, -69, -71, -71, -71, -71, -69, -69, -69, -68, -68, -68, -68, -70, -70, -70, -70, -70, -71, -74, -73, -69, -69, -72, -72, -72, -72, -72, -72, -72, -72, -72, -72, -72, -72, -72, -72, -72, -72, -71, -71, -71, -70, -70, -70, -70, -70, -70, -72, -71, -71, -71, -71, -72, -72, -72, -72, -71, -71, -71, -71, -71, -69, -69, 
34:bd:c8:db:54:04, 2437, eduroam, -71, -75, -75, -75, -75, -75, -75, -75, -76, -76, -76, -76, -76, -76, -76, -76, -76, -76, -76, -76, -76, -74, -75, -74, -74, -74, -74, -74, -74, -74, -80, -76, -76, -76, -72, -74, -74, -74, -74, -79, -79, -79, -79, -78, -78, -74, -73, -73, -75, -75, -75, -75, -75, -77, -77, -77, -77, -77, -77, -77, -77, -73, -71, -71, -71, -71, -71, -71, -71, -71, -71, -71, -71, -71, -72, -71, -73, -73, -73, -73, -73, -71, -75, -72, -72, -72, -73, -73, -73, -72, 
00:25:84:23:1c:6f, 5240, sMobileNet, -72, -72, -72, -70, -70, -70, -70, -70, -74, -74, -74, -74, -74, -74, -74, -74, -74, -74, -74, -74, -73, -73, -73, -74, -75, -75, -75, -75, -75, -75, -75, -75, -75, -75, -75, -75, 
00:1d:70:92:dc:ba, 5240, Alumni, -77, -75, -75, -75, -75, -75, -75, -75, -76, -76, -76, -76, -76, -76, -76, -76, -76, -76, -76, -76, -76, -76, -76, -76, -76, -75, -75, -75, -75, -75, -75, -75, -75, -75, -73, -73, -73, -73, -73, -73, -73, -73, -76, 
00:25:84:86:6c:55, 2412, Alumni, -79, 
ec:c8:82:7a:df:64, 2412, eduroam, -67, -67, -67, -68, -68, -68, -68, -68, -68, -68, -68, -70, -70, -70, -70, -70, -70, -70, -66, -66, -66, -66, -70, -70, -70, -70, -70, -70, -70, -70, -70, -70, -70, -70, -70, -71, -71, -71, -71, -71, -68, -68, -68, -68, -68, -68, -68, -65, -65, -65, -64, -64, -64, -64, -64, -64, -64, -64, -74, -74, -70, -70, -70, -70, -70, -70, -70, -69, -69, -69, -69, -69, -69, -69, -74, -74, -74, -74, -74, 
00:25:84:23:1c:6c, 5240, Alumni, -70, -70, -69, -69, -69, -69, -69, -75, -75, -75, -75, -75, -75, -75, -76, -76, -76, -76, -76, -75, -75, -74, -74, -74, -74, -76, -76, -76, -76, -76, -76, -76, -76, -74, -74, -74, -74, -71, -71, -71, -71, -71, -72, -72, -72, -72, -72, -72, -72, -76, -76, -76, -76, -76, -76, -76, -76, -76, -76, -76, -76, -76, -76, -76, -76, -76, -76, -76, -76, -76, -75, -75, -75, -75, -75, -75, -75, 
00:25:84:23:1e:20, 2412, sMobileNet, -71, -71, -71, -71, -71, -71, -71, -71, -69, -68, -68, -68, -68, -69, -69, -69, -69, -69, -69, -69, -69, -69, -69, -69, -69, -69, -74, -74, -74, -74, -74, -74, -74, -69, -69, -68, -68, -68, -68, -68, -68, -68, -67, -67, -70, -70, -70, -69, -69, -69, -69, -69, -71, -71, -71, -68, -68, -67, -67, -67, -67, -67, -69, -69, -69, -68, -68, -68, -68, -68, -68, -68, -68, -68, -68, -68, -68, -68, -68, 
00:25:84:22:f7:30, 2462, sMobileNet, -72, -71, -71, -71, -71, -74, -74, -74, -74, -74, -74, -74, -70, -70, -70, -70, -70, -70, -70, -72, -72, -72, -72, -72, -72, -72, -72, -72, -69, -69, -69, -69, -69, -69, -69, -71, 
00:25:84:23:1e:61, 2412, Universities WiFi, -74, -76, -76, -76, -76, -76, -76, -76, -76, -76, -77, -77, -77, -77, -77, -77, -77, -77, -78, -78, -78, -78, -76, -76, -76, -76, -74, -74, -74, -74, -74, -74, -74, -74, -73, -74, -74, -74, -74, -74, -74, -74, -74, -74, -74, -74, -74, -73, -73, -77, -77, -77, -77, -77, -76, -76, -76, -76, -76, -76, -76, -75, -75, -76, -75, -75, -75, -75, -75, -75, -75, -77, -74, -74, -74, -74, -74, -74, -74, 
00:25:84:23:1e:63, 2412, Alumni, -74, -74, -78, -78, -78, -78, -78, -76, -80, -80, -79, -79, -79, -79, -79, -79, -79, -78, -78, -78, -78, -78, -78, -78, -78, -79, -79, -79, -79, -76, -76, -76, -76, -76, -74, -74, -74, -73, -73, -73, -73, -72, -74, -74, -74, -73, -73, -73, -73, -73, -73, -73, -73, -73, -73, -73, -76, -75, -75, -75, -75, -75, -75, -75, -75, -75, -75, -76, -76, -76, -75, -75, -75, -75, -74, -74, -74, -74, -74, -75, -75, -75, -75, -75, -75, -74, -74, 
00:23:eb:3a:0c:34, 2437, eduroam, -79, -77, -77, -75, -73, -72, -72, -72, -76, -76, -76, -76, -72, -72, -72, -72, -72, -72, -72, -75, -75, -74, -74, -74, -74, -74, -74, -77, -77, -77, -77, -77, -77, -77, -77, -76, -76, -76, -76, -76, -76, -76, -76, -76, -76, -76, -76, -76, -76, -75, -75, -77, -77, -77, -77, -78, -78, -78, -78, -77, -77, -77, -77, -77, -77, -77, -77, -77, -77, -77, -77, 
00:23:eb:3a:0c:30, 2437, sMobileNet, -80, -79, -77, -77, -77, -75, -75, -75, -75, -77, -77, -73, -72, -72, -72, -72, -72, -72, -72, -72, -72, -72, -72, -72, -74, -74, -74, -74, -74, -74, -74, -74, -75, -75, -75, -75, -75, -73, -73, -73, -73, -73, -73, -73, -73, -74, -74, -74, -74, -74, -74, -74, -76, -75, -75, -75, -75, -75, -73, -73, -74, -76, -76, -76, -76, -76, -76, -76, -78, -78, -78, -78, -78, -77, -77, -77, -77, -77, -77, -77, -81, -79, -79, -79, 
ec:c8:82:7a:e1:65, 2412, Alumni, -79, -79, -79, -79, -79, -79, -77, -77, -77, -77, -77, -77, -77, -80, -80, -80, -80, -76, -76, -76, -76, -77, -77, -77, -77, -77, -77, -77, -75, -75, -75, -75, -75, -75, -75, -81, -81, -77, -77, -77, -77, -77, -77, -77, -77, -76, -76, -76, -76, -76, -75, -75, -75, -75, -76, -76, -76, -76, -76, -76, -76, -78, -78, -78, -78, -78, -77, -77, -77, -77, -77, -77, 
34:bd:c8:db:54:05, 2437, Alumni, -72, -74, -74, -74, -74, -74, -74, -74, -74, -75, -75, -75, -75, -75, -75, -77, -77, -77, -77, -77, -77, -77, -77, -79, -76, -76, -76, -72, -74, -74, -75, -77, -77, -77, -77, -77, -77, -77, -75, -73, -73, -74, -74, -73, -74, -74, -74, -75, -75, -75, -77, -73, -73, -73, -73, -71, -71, -71, -73, -73, -73, -73, -72, -72, -72, -72, -72, -72, -70, -74, -72, -72, -73, -73, -71, -75, -72, -72, -73, -74, -74, -74, -74, 
00:23:eb:3a:0c:32, 2437, Universities WiFi, -75, -75, -75, -75, -73, -73, -73, -73, -73, -73, -75, -76, -76, -76, -72, -72, -72, -72, -72, -78, -78, -74, -74, -72, -72, -72, -72, -72, -72, -72, -75, -79, -79, -79, -79, -79, -79, -79, -76, -76, -76, -73, -73, -73, -73, -74, -74, -74, -74, -74, -74, -74, -74, -75, -75, -74, -74, -74, -74, -74, -74, -73, -73, -73, -73, -73, -73, -76, -76, -76, -76, -77, -77, -77, -77, -77, -78, -78, -78, -78, -78, -78, -78, 
00:25:84:23:1c:6d, 5240, eduroam, -68, -69, -69, -69, -69, -69, -69, -69, -73, -73, -73, -73, -73, -74, -74, -74, -74, -74, -74, -74, -74, -74, -72, -72, -72, -72, -72, -74, -74, -74, -74, -74, -74, -74, -74, -74, -71, -71, -70, -70, -70, -70, -70, -70, -70, -75, -75, -73, -73, -73, -73, -73, -73, -75, -75, -75, -75, -75, -75, -75, -75, -75, -75, -76, -76, -76, -76, -77, -77, -77, -77, -77, -77, -75, -75, -75, -76, -76, -75, -75, -75, -75, -75, -75, -75, -75, 
34:bd:c8:db:a8:10, 2412, Y5ZONE, -81, -81, -81, -81, -81, -81, -81, -81, -80, -80, -80, -80, -80, -80, -80, -80, -79, -79, -79, -79, -79, -79, -79, -79, -79, -79, -79, -79, -79, -79, -81, -81, -81, -81, -81, -81, 
00:1d:70:92:dc:bb, 5240, sMobileNet, -76, -76, -76, -76, -74, -74, -74, -74, -74, -74, -74, -74, -74, -76, -76, -76, -74, -74, -74, -74, -74, -74, -74, -74, -77, -76, -76, -78, -78, -78, -78, -73, -73, -73, -73, -73, -73, -73, -75, -75, -75, -75, -75, -75, -75, -75, -75, -75, -74, -74, -74, -74, -74, -74, -74, 
00:1d:70:92:dc:bf, 5240, Y5ZONE, -72, -72, -72, -72, -74, -74, -74, -74, -74, -74, -74, -74, -74, -74, -74, -74, -74, -74, -74, -74, -74, -74, -74, -75, -75, -75, -75, -73, -73, -73, -73, -73, -73, -77, -77, -77, -74, -74, -74, -72, -72, -72, -72, -72, -72, -72, -76, -76, -76, -76, -76, -76, -76, -76, -73, -71, -71, -71, -71, -71, -71, -71, 
00:1d:70:92:dc:b1, 2462, PCCW, -78, -78, -78, -78, -78, -78, -78, -78, -80, -80, -80, -80, -80, -80, -80, -74, -74, -74, -74, -74, -74, -74, -74, -76, -76, -76, -76, -76, -76, -76, -76, -76, -76, -76, -76, -76, -76, -76, -76, -76, -76, -77, -77, -77, -77, -77, -77, -77, -75, -75, -75, -76, -75, -75, -76, -76, -76, -76, -76, -76, -76, 
34:bd:c8:db:a8:11, 2412, PCCW, -81, -81, -81, -82, -82, -82, -82, -82, -82, -82, -82, -82, -82, -82, -82, -82, -82, -82, -82, -81, -81, -81, -81, -81, -81, -81, -81, -81, -81, -81, -81, -81, -81, -81, -80, -80, -80, -80, -80, -80, -80, -80, -80, -80, -80, 
c8:d7:19:ff:2e:2d, 2412, Cisco64266, -87, -87, -87, -86, -86, -90, -89, -89, -87, -87, -87, -87, -87, -87, -87, -87, -87, -85, -85, -85, -85, -85, -88, -88, -88, -88, -88, -88, -88, -88, -90, -90, -90, -90, -90, -90, -86, -86, -86, -86, -86, -86, -86, -87, -86, -86, -86, -86, -86, -86, -86, -87, -87, -86, -86, -86, -86, -86, -86, -86, -88, -88, -88, -88, -86, -86, -86, -86, -86, -86, -87, -87, -87, -87, -87, -89, -89, -89, 
ec:c8:82:7a:3f:d2, 2462, Universities WiFi, -41, -41, -41, -41, -41, -40, -40, -40, -40, -40, -40, -40, -40, -40, -43, -43, -41, -41, -41, -41, -41, -41, -41, -42, -42, -42, -42, -42, -40, -40, -40, -41, -41, -40, -40, -41, -41, -41, -41, -42, -42, -42, -42, -42, -42, -42, -45, -44, -44, -44, -44, -42, -42, -42, -42, -42, -41, -41, -41, -41, -41, -40, -40, -40, -40, -40, -40, -39, -39, -39, -39, -39, -39, -39, -38, -38, -38, -38, -40, -40, -40, -40, -40, -40, -44, -44, -44, -44, -44, -44, 
34:bd:c8:db:a8:12, 2412, Universities WiFi, -82, -82, -82, -82, -81, -81, -81, -81, -81, -81, -81, -81, -81, -81, -81, -81, -81, -81, -81, -81, -81, -81, -81, -81, -81, 
00:19:be:00:05:b0, 2437, MtrecA8, -87, -87, -87, -87, -87, -87, -87, -87, -87, -87, -87, -87, -87, -87, -87, -86, -86, -86, -86, -86, -86, -86, -86, -86, -86, -84, -84, -84, -84, -84, -84, -84, -88, -88, -88, -88, -88, -88, -88, -86, -86, -86, -86, -86, -86, -86, -86, -89, -89, -89, -89, -89, -89, -85, -85, -85, -85, -85, -85, -85, -87, -84, -84, -84, -84, -84, -84, -84, -90, -90, -90, -90, 
00:25:84:86:6c:53, 2412, Y5ZONE, -81, -81, -81, -81, -81, -81, -81, -81, -82, -82, -82, -82, -82, -82, -82, -82, -81, -81, -84, -84, -84, -84, -84, -84, -84, -84, -81, -81, -81, -81, -81, -81, -81, 
ec:c8:82:7a:3f:d0, 2462, sMobileNet, -44, -44, -45, -45, -45, -45, -41, -41, -41, -41, -41, -41, -41, -43, -43, -43, -43, -43, -43, -40, -40, -40, -41, -41, -41, -41, -41, -41, -40, -41, -41, -41, -41, -41, -41, -41, -41, -42, -42, -42, -42, -45, -45, -46, -46, -46, -46, -46, -46, -43, -41, -41, -41, -42, -42, -40, -39, -39, -39, -39, -42, -42, -42, -38, -42, -42, -42, -42, -41, -41, -41, -41, -41, -41, -41, -41, -41, -43, -43, -43, -43, -43, -43, -42, -42, -42, -42, -40, 
00:25:84:23:1c:d1, 2462, Universities WiFi, -68, -68, -68, -68, -68, -68, -68, -65, -65, -65, -65, -65, -65, -65, -64, -64, -64, -64, -65, -65, -65, -65, -65, -65, -65, -65, -65, -65, -65, -65, -65, -68, -68, -68, -68, -68, -68, -68, -68, -68, -68, -68, -70, -70, -70, -70, -70, -70, -65, -68, -68, -68, -68, -68, -68, -68, -68, -68, -68, 
00:25:84:23:1e:23, 2412, Alumni, -71, -71, -71, -71, -71, -71, -68, -68, -68, -68, -68, -68, -68, -68, -68, -68, -68, -68, -68, -68, -69, -68, -68, -68, -68, -68, -68, -68, -67, -67, -68, -68, -68, -68, -71, -71, -71, -71, -71, -71, -71, -71, -71, -70, -70, -70, -69, -69, -69, -69, -71, -71, -71, -71, -67, -67, -67, -67, -67, -67, -68, -68, -68, -68, -68, -68, -68, -68, -68, -68, -68, -68, -68, -68, -68, -68, -68, 
00:1d:70:92:dc:b4, 2462, sMobileNet, -77, -77, -77, -77, -77, -77, -77, -80, -80, -80, -80, -80, -80, -80, -76, -76, -76, -76, -76, -76, -76, -76, -78, -78, -78, -78, -78, -78, -78, -78, -75, -75, -75, -75, -75, -75, 
00:25:84:23:1c:90, 2437, sMobileNet, -82, -82, -82, -82, -82, -82, -82, -81, -81, -81, -81, -81, -81, -81, -81, -84, -84, -84, -84, -84, -84, -84, -84, -82, -82, -82, -82, -82, -82, -82, -82, -81, -81, -81, -81, -81, -81, -81, -81, -81, -81, -81, -81, 
00:1d:70:92:dc:be, 5240, PCCW, -74, -74, -74, -74, -74, -74, -74, -74, -74, -74, -74, -74, -74, -74, -74, -74, -76, -76, -76, -76, -76, -76, -76, -75, -75, -75, -75, -75, -75, -75, -75, -75, -75, -73, -73, -73, -73, -73, -73, -73, -73, 
00:1d:70:92:dc:bd, 5240, Universities WiFi, -73, -73, -73, -73, -73, -73, -73, -76, -76, -76, -74, -74, -74, -74, -74, -74, -74, -74, -72, -72, -72, -72, -72, -72, -72, -77, -77, -73, -73, -73, -73, -73, -73, -73, -73, -73, -73, -72, -72, -72, -72, -72, -72, -72, 
00:25:84:23:1c:d3, 2462, Alumni, -67, -67, -67, -67, -67, -67, -67, -67, -67, -67, -67, -67, -65, -64, -64, -64, -64, -65, -65, -65, -65, -65, -65, -65, -65, -65, -65, -65, -65, -65, -65, -65, -65, -67, -67, -67, -67, -67, -67, -67, -69, -69, -69, -69, -69, -69, -68, -68, -68, -68, -68, -68, -67, -67, -67, -67, -67, -67, 
00:25:84:22:f7:31, 2462, Universities WiFi, -72, -72, -72, -72, -72, -72, -72, -72, -72, -72, -72, -72, -73, -73, -73, -73, -73, -73, -73, -73, -73, -73, -73, -73, -73, -71, -71, -73, -73, -73, -73, -73, -73, -73, -73, -73, -73, -73, -73, -73, -74, -74, -74, -74, -74, -70, -70, -70, -70, -70, -71, -71, -71, -71, -71, -71, -71, -71, 
ec:c8:82:7a:e1:62, 2412, Universities WiFi, -76, -76, -76, -76, -76, -76, -76, -79, -81, -81, -81, -81, -78, -78, -78, -78, -78, -78, -78, -78, -75, -75, -75, -75, -75, -75, -75, -72, -72, -72, -72, -72, -72, -72, -77, -77, -77, -77, -76, -77, -77, -77, -77, -77, -77, -77, -77, -77, -78, -78, -78, -78, -78, -78, -78, -79, -78, -78, -78, -78, -78, -78, 
00:25:84:23:1c:62, 2437, eduroam, -77, -77, -77, -77, -77, -77, -77, -77, -77, -77, -77, -77, -77, -76, -76, -76, -76, -76, -76, -77, -77, -77, -77, -77, -77, -78, -78, -78, -78, -78, -78, -78, -80, -80, -80, -80, -80, 
00:25:84:23:19:81, 2412, Universities WiFi, -80, -80, -80, -80, -80, -80, -80, -80, -80, -80, -80, -80, -80, -80, 
00:25:84:22:f9:e0, 2412, sMobileNet, -80, -80, -80, -77, -77, -77, -77, -77, -77, -77, -77, -78, -78, -78, -78, -78, -78, -79, -79, -79, -79, -79, -79, -79, -77, -77, -77, -78, -78, -78, -78, -78, -78, -78, -78, -78, -79, -79, 
00:25:45:a5:1f:3c, 5200, Alumni, -73, -74, -74, -74, -74, -74, -74, -74, -74, -75, -75, -75, -75, -75, -75, -77, -77, -77, -77, -77, -77, 
00:25:45:a5:1f:3e, 5200, Universities WiFi, -74, -74, -74, -74, -74, -74, -74, -74, -74, -74, -74, -74, -74, -74, -74, -74, -74, -74, -74, -74, -74, 
34:bd:c8:ad:b2:b3, 2412, Y5ZONE, -81, -81, -81, -81, -81, -81, -81, -81, -84, -84, -84, -84, -84, -84, -84, 
00:25:84:23:1c:91, 2437, Universities WiFi, -82, -82, -82, -82, -82, -82, -82, -82, -81, -81, -81, -81, -81, -81, -81, -82, -82, -82, -82, -82, -83, -83, -83, -83, -83, -82, -82, -82, -82, -82, -82, -82, -82, -82, -82, -82, -82, -82, -80, -80, -80, -80, -80, -80, -80, 
00:25:84:23:1f:f3, 2437, Alumni, -81, -81, -81, -81, -81, -81, -81, -82, -82, -82, -82, -82, -82, -82, -83, -83, -83, -83, -83, -83, -83, -80, -80, -80, -80, -80, -80, -80, -80, -80, -80, -80, -81, -81, 
00:25:84:23:1c:60, 2437, sMobileNet, -77, -77, -77, -77, -77, -77, -77, -76, -76, -76, -76, -76, -76, -76, -76, -76, -76, -76, -76, -76, -76, -76, 
00:25:84:23:1e:21, 2412, Universities WiFi, -71, -71, -71, -71, -71, -71, -71, -71, -71, -71, -71, -68, -68, -68, -68, -68, -68, -69, -69, -69, -69, -69, -69, -69, -70, -70, -70, -70, -70, -70, -69, -69, -69, -69, -69, -69, -69, -69, -69, -69, -69, -69, -69, -69, -69, -69, -69, -69, -69, -70, -69, -69, -69, -69, -69, -69, -69, -67, -67, -67, -67, -67, -67, -67, 
ec:c8:82:7a:e1:64, 2412, eduroam, -77, -80, -80, -79, -79, -78, -78, -78, -78, -76, -76, -76, -76, -76, -76, -76, -75, -77, -77, -77, -78, -78, -78, -78, -78, -78, -77, -77, -77, -77, -75, -75, -76, -76, -76, -76, -76, -77, -77, -77, -77, -77, -77, -77, -77, -78, -78, -78, -78, -77, -77, -77, -77, -77, -77, -77, 
ec:c8:82:7a:df:62, 2412, Universities WiFi, -64, -64, -64, -66, -66, -66, -66, -69, -69, -69, -69, -69, -69, -69, -69, -73, -72, -72, -72, -72, -72, -72, -72, -65, -65, -65, -65, -65, -65, -65, -65, -65, -65, -65, -65, -65, -69, -69, -71, -71, -71, -71, -73, -73, -73, -73, -73, -73, -73, 
34:bd:c8:db:a8:14, 2412, sMobileNet, -80, -80, -80, -80, -80, -80, -80, -80, 
00:25:45:a5:1f:31, 2462, Universities WiFi, -76, -76, -76, -76, -76, -76, -76, -76, -74, -74, -74, -74, -74, -74, -74, -74, -74, -74, -74, -74, -74, -74, -74, -73, -73, -73, -73, -73, -73, -73, -76, -76, -76, -76, -76, -76, 
00:1d:70:92:dc:b2, 2462, Universities WiFi, -74, -74, -74, -74, -74, -74, -74, 
00:1d:70:92:dc:b0, 2462, Y5ZONE, -74, -74, -74, -74, -74, -74, -74, -73, -73, -77, -77, -77, -77, -77, -77, -77, -78, -78, -78, -78, -78, -78, -76, -76, -76, -76, -76, -76, -76, -76, -77, -77, -77, -77, -77, -77, -77, -77, -77, -77, -77, -77, -77, -77, -75, -75, -75, -75, -75, -75, -75, -75, 
00:1d:70:92:dc:b3, 2462, eduroam, -75, -75, -75, -75, -75, -75, -75, -80, -80, -80, -80, -80, -80, -80, 
00:25:84:23:1c:61, 2437, Universities WiFi, -77, -77, -77, -77, -77, -77, -76, -76, -76, -76, -76, -76, -76, -76, -76, -76, -76, -76, -76, -75, -75, -75, -75, -74, -74, -74, -74, -75, -75, -75, -75, -75, -75, -75, -75, -75, -75, -75, -75, -76, -76, -76, -76, -76, -76, -75, -75, -75, -75, -75, -75, -76, -76, -76, -76, -76, -76, -76, -77, -77, 
00:25:84:23:1c:93, 2437, Alumni, -81, -81, -81, -81, -81, -81, -81, -81, -82, -82, -82, -82, -82, -82, -82, -83, -83, -83, -82, -82, -82, -82, -82, -82, -82, -81, -81, -81, 
00:23:eb:3a:16:a1, 2412, eduroam, -83, -83, -83, -83, -83, -83, -83, -83, 
00:1d:70:92:dc:b5, 2462, Alumni, -74, -74, -74, -74, -74, -74, -74, -77, -77, -77, -77, -77, -77, -77, -76, -76, -76, -76, -76, -76, 
00:25:84:23:1f:f2, 2437, eduroam, -84, -84, -84, -84, -84, -84, -84, -82, -82, -82, -82, -82, -82, -82, -83, -83, -83, -83, -83, -83, -83, 
28:93:fe:f4:b1:03, 2437, eduroam, -85, -85, -85, -85, -85, -85, -85, 
00:25:45:a5:1f:33, 2462, Alumni, -74, -74, -74, -74, -74, -74, -74, -74, -74, -74, -74, -74, -74, -75, -75, -75, -75, -75, -75, -75, -75, -75, -75, -75, -75, -75, 
00:23:eb:3a:29:20, 2412, sMobileNet, -83, -83, -83, -83, -83, -83, -83, -83, 
00:25:45:a5:1f:32, 2462, eduroam, -77, -77, -77, -77, -77, -77, -77, -77, -77, -77, -77, -77, -77, -77, -77, 
00:25:84:23:1d:83, 2412, Alumni, -82, -82, -82, -82, -82, -82, -82, -81, -81, -81, -81, -81, -81, -81, -81, -80, -80, -80, -80, -78, -78, -78, -78, -78, -78, -79, -79, -79, -79, -79, -79, -79, -79, -79, -79, -79, -80, -80, -80, -80, -80, -79, -79, -79, -79, -79, -79, -79, -79, 
00:25:84:23:1d:81, 2412, Universities WiFi, -82, -82, -82, -82, -82, -82, -82, -82, -82, -82, -82, -82, -82, -81, -81, -81, -81, -81, -81, -80, -80, -80, -80, -79, -79, -79, -79, -79, -79, -79, -81, -81, -81, -81, -81, -81, -81, -81, 
00:25:84:22:ef:41, 2462, Universities WiFi, -78, -78, -78, -78, -78, -78, -78, -78, 
00:25:84:23:19:80, 2412, sMobileNet, -81, -81, -81, -81, -81, -81, -81, 
00:25:84:22:ef:43, 2462, Alumni, -78, -78, -78, -77, -77, -77, -77, -77, -77, 
00:25:45:a5:1f:30, 2462, sMobileNet, -75, -75, -75, -75, -75, -75, -75, -75, -76, -76, -76, -76, -76, -76, -76, -75, -75, -75, -75, -75, -75, -75, 
00:25:84:86:6c:50, 2412, sMobileNet, -80, -80, -80, -80, -80, -80, -80, -80, 
00:23:eb:3a:16:a2, 2412, sMobileNet, -83, -83, -83, -83, -83, -83, -83, -83, 
02:24:74:59:a4:a8, 2457, HP795E95, -93, -93, -93, -93, -93, -93, -93, -93, 
00:25:84:23:1d:82, 2412, eduroam, -79, -79, -79, -79, -79, -79, -79, -79, -78, -78, -78, -78, -78, -78, -78, -82, -82, -82, -82, -82, -82, -82, -79, -79, -79, -79, -79, -79, -79, -79, 
00:25:84:86:6c:51, 2412, PCCW, -84, -84, -84, -84, -84, -84, -84, 
00:25:84:23:1c:92, 2437, eduroam, -83, -83, -83, -83, -83, -83, -83, -83, -83, -83, -83, -83, -82, -82, 
2c:b0:5d:97:26:a0, 2457, room7341_AV, -88, -88, -88, -88, -88, -88, -88, -88, -85, -85, -85, -85, -85, -85, -85, 
98:fc:11:f9:af:1c, 5200, 2306-AirPlay, -82, -82, -82, -82, -82, -82, -82, -82, -82, -82, -82, -82, -82, -82, 
00:25:84:23:1f:f1, 2437, Universities WiFi, -80, -80, -80, -80, -80, -80, -80, -81, -81, -81, -81, -81, -81, -81, -81, -81, -81, -81, -81, -81, -81, -81, -81, -81, -81, -81, -81, 
00:25:84:22:ef:40, 2462, sMobileNet, -78, -78, -78, -78, -78, -78, 
00:25:84:23:1d:80, 2412, sMobileNet, -79, -79, -79, -79, -79, -79, -79, -79, 
