ec:c8:82:7a:df:6f, 5180, sMobileNet, -54, -65, -67, -67, -66, -66, -65, -65, -63, -63, -62, -62, -62, -62, -63, -63, -63, -63, -63, -63, -63, -63, -62, -62, -62, -62, -62, -62, -63, -63, -64, -64, -64, -64, -65, -65, -64, -64, -64, -64, -64, -63, -63, -63, -63, -63, -63, -63, -63, -63, -63, -62, -62, -62, -62, -62, -63, -63, -64, -64, -64, -63, -63, -63, -63, -63, -63, -64, -64, -64, -64, -64, -63, -63, -62, -62, -63, -63, -64, -64, -64, -65, -65, -64, -64, -63, -63, -63, -63, -63, -64, -64, -64, -64, -64, -64, -64, -64, -63, -63, 
ec:c8:82:7a:df:6a, 5180, Alumni, -73, -65, -61, -61, -62, -63, -63, -61, -62, -62, -62, -63, -63, -63, -63, -63, -63, -62, -62, -62, -62, -62, -61, -61, -61, -65, -64, -64, -64, -63, -59, -61, -61, -62, -63, -62, -62, -63, -61, -63, -61, -61, -64, -61, -62, -59, -60, -65, -63, -63, -62, -62, -62, -62, -62, -63, -62, -63, -64, -63, -64, -64, -64, -64, -64, -63, -63, -64, -62, -58, -62, -62, -60, -60, -63, -64, -64, -64, -63, -63, -63, -63, -65, -62, -62, -62, -63, -63, -62, -62, -63, -62, -61, -62, -62, -62, -62, -63, -61, -62, 
ec:c8:82:7a:df:6d, 5180, Universities WiFi, -59, -64, -61, -61, -61, -61, -63, -61, -61, -61, -61, -63, -63, -64, -62, -62, -62, -62, -62, -62, -62, -61, -60, -61, -62, -64, -64, -64, -64, -64, -60, -62, -62, -62, -62, -62, -61, -63, -61, -62, -62, -62, -63, -61, -62, -59, -60, -64, -63, -62, -61, -61, -60, -60, -63, -63, -63, -61, -64, -62, -62, -63, -63, -63, -63, -62, -62, -63, -63, -59, -62, -62, -59, -59, -63, -63, -64, -65, -63, -63, -63, -63, -63, -62, -62, -62, -64, -63, -63, -63, -63, -63, -62, -63, -62, -62, -62, -63, -62, -63, 
ec:c8:82:7a:df:6b, 5180, eduroam, -60, -65, -64, -64, -64, -64, -64, -64, -64, -64, -65, -65, -65, -64, -64, -64, -64, -64, -64, -64, -64, -64, -63, -64, -64, -68, -67, -64, -66, -64, -62, -64, -64, -64, -64, -64, -64, -66, -62, -64, -63, -63, -62, -63, -64, -61, -61, -66, -66, -65, -61, -64, -64, -65, -65, -66, -66, -65, -65, -65, -65, -65, -64, -66, -66, -65, -65, -65, -65, -61, -64, -61, -61, -65, -65, -66, -65, -66, -66, -66, -66, -65, -65, -64, -63, -65, -67, -66, -66, -66, -66, -66, -64, -65, -64, -62, -64, -66, -65, -66, 
90:72:40:16:f6:36, 2462, PAO, -77, -81, -78, -76, -72, -71, -70, -76, -72, -72, -72, -72, -72, -72, -71, -79, -76, -80, -80, -75, -76, -74, -71, -67, -71, -71, -70, -68, -68, -68, -68, -72, -70, -71, -71, -72, -71, -71, -71, -71, -71, -71, -70, -71, -75, -71, -71, -71, -72, -73, -80, -78, -75, -72, -72, -69, -72, -74, -73, -73, -73, -73, -72, -71, -73, -76, -73, -73, -73, -75, -77, -72, -75, -75, -77, -75, -72, -72, -72, -72, -72, -72, -72, -73, -73, -72, -72, -72, -73, -73, -73, -69, -72, -72, -72, -72, -72, -72, -72, -72, 
ec:c8:82:7a:df:6e, 5180, PCCW, -72, -65, -61, -61, -62, -63, -64, -62, -62, -62, -62, -63, -63, -64, -63, -64, -64, -63, -63, -63, -63, -62, -61, -61, -63, -64, -64, -64, -65, -64, -61, -63, -62, -62, -62, -62, -61, -63, -63, -63, -63, -62, -63, -62, -63, -59, -60, -65, -64, -64, -61, -62, -62, -62, -62, -64, -63, -63, -63, -63, -64, -64, -64, -64, -65, -62, -62, -63, -63, -60, -62, -62, -61, -65, -63, -63, -65, -65, -64, -65, -64, -64, -65, -62, -62, -62, -64, -64, -64, -64, -64, -64, -62, -62, -62, -62, -62, -64, -64, -63, 
ec:c8:82:7a:df:6c, 5180, Y5ZONE, -72, -65, -61, -61, -61, -62, -63, -62, -62, -62, -62, -63, -63, -63, -63, -63, -63, -63, -63, -63, -63, -62, -61, -61, -62, -64, -64, -64, -64, -64, -61, -62, -62, -62, -62, -62, -61, -63, -61, -62, -62, -61, -63, -62, -62, -59, -60, -64, -64, -63, -61, -62, -61, -61, -63, -64, -62, -62, -63, -63, -63, -63, -63, -63, -63, -63, -63, -63, -62, -58, -62, -62, -60, -63, -63, -63, -64, -64, -63, -63, -63, -63, -64, -63, -62, -62, -65, -63, -62, -63, -63, -62, -61, -62, -62, -62, -61, -64, -63, -63, 
ec:c8:82:7a:df:61, 2412, PCCW, -60, -60, -60, -58, -56, -57, -60, -58, -60, -58, -57, -57, -57, -58, -57, -57, -57, -56, -55, -55, -55, -57, -56, -55, -55, -57, -57, -57, -56, -56, -56, -55, -59, -59, -59, -59, -61, -61, -61, -61, -58, -58, -58, -56, -55, -55, -59, -60, -58, -57, -54, -58, -58, -59, -59, -59, -59, -58, -58, -58, -59, -59, -59, -57, -57, -57, -57, -56, -56, -58, -57, -57, -56, -60, -56, -57, -56, -56, -56, -58, -58, -58, -58, -58, -57, -58, -58, -58, -59, -59, -59, -59, -59, -59, -59, -57, -57, -57, -57, -56, 
ec:c8:82:7a:df:63, 2412, Y5ZONE, -61, -61, -61, -60, -57, -59, -63, -63, -64, -60, -59, -59, -59, -59, -61, -61, -63, -59, -58, -56, -55, -57, -57, -55, -56, -59, -59, -59, -58, -58, -58, -58, -62, -62, -62, -63, -63, -63, -64, -64, -60, -61, -60, -58, -56, -57, -61, -61, -59, -60, -56, -60, -60, -62, -62, -62, -62, -61, -61, -61, -61, -61, -62, -59, -59, -59, -59, -59, -58, -61, -59, -59, -58, -63, -59, -59, -59, -60, -60, -60, -59, -61, -61, -59, -60, -60, -61, -61, -61, -61, -61, -61, -60, -59, -59, -59, -60, -58, -58, -58, 
ec:c8:82:7a:de:61, 2437, PCCW, -68, -72, -70, -70, -74, -76, -72, -72, -72, -72, -71, -71, -72, -68, -67, -68, -70, -68, -71, -71, -72, -73, -73, -73, -71, -68, -71, -71, -71, -72, -72, -72, -74, -71, -75, -71, -68, -68, -68, -68, -69, -67, -67, -72, -73, -74, -73, -73, -73, -71, -70, -69, -67, -71, -71, -70, -69, -69, -71, -69, -69, -69, -69, -73, -72, -74, -72, -72, -73, -73, -72, -72, -74, -70, -70, -74, -74, -73, -72, -72, -72, -72, -70, -68, -67, -66, -68, -68, -68, -67, -71, -74, -74, -70, -72, -73, -73, -73, -73, -69, 
ec:c8:82:7a:de:63, 2437, Y5ZONE, -68, -72, -72, -72, -76, -76, -76, -75, -75, -74, -77, -74, -77, -69, -67, -68, -69, -67, -73, -76, -75, -75, -75, -73, -70, -67, -72, -72, -72, -73, -74, -71, -76, -75, -75, -71, -68, -69, -69, -69, -70, -67, -76, -77, -77, -77, -76, -75, -76, -72, -69, -69, -68, -69, -71, -70, -69, -68, -70, -68, -69, -69, -70, -76, -76, -77, -73, -75, -74, -72, -76, -74, -77, -73, -73, -75, -75, -75, -75, -74, -73, -75, -70, -69, -67, -66, -70, -69, -68, -67, -75, -76, -75, -72, -74, -74, -77, -76, -76, -70, 
ec:c8:82:7a:3f:de, 5240, PCCW, -73, -72, -72, -72, -72, -73, -73, -73, -73, -73, -74, -74, -74, -74, -74, -76, -76, -76, -76, -76, -76, -76, -76, -76, -76, -74, -73, -73, -77, -77, -77, -77, -77, -75, -75, -75, -75, -75, -75, -75, -75, -75, -75, -72, -72, -72, -73, -73, -73, -73, -76, -76, -76, -76, -76, -74, -74, -74, -74, -74, -76, -76, -76, -76, -76, -76, -76, -76, -76, -75, -75, -75, -75, -73, -73, -73, -73, -73, 
ec:c8:82:7a:dc:51, 2462, PCCW, -53, -51, -51, -55, -56, -56, -55, -55, -53, -53, -53, -55, -54, -54, -54, -53, -53, -55, -53, -54, -53, -54, -53, -53, -54, -53, -53, -53, -53, -58, -55, -52, -52, -53, -53, -53, -54, -54, -54, -54, -56, -53, -53, -53, -53, -60, -56, -52, -52, -53, -54, -53, -59, -55, -54, -54, -54, -54, -54, -54, -54, -54, -54, -54, -54, -54, -54, -54, -54, -54, -54, -54, -53, -53, -53, -53, -53, -53, -53, -53, -54, -54, -54, -54, -54, -53, -53, -53, -53, -53, -53, -53, -53, -53, -53, -53, -53, -53, -54, -54, 
ec:c8:82:7a:dc:53, 2462, Y5ZONE, -52, -50, -50, -53, -54, -58, -55, -55, -54, -54, -54, -54, -54, -54, -54, -52, -52, -54, -53, -54, -52, -56, -54, -55, -55, -56, -54, -54, -54, -58, -56, -52, -51, -52, -52, -52, -53, -52, -54, -54, -55, -55, -55, -55, -55, -59, -56, -50, -51, -52, -52, -52, -57, -53, -54, -54, -54, -54, -54, -54, -54, -54, -54, -54, -54, -54, -54, -54, -54, -55, -55, -55, -54, -54, -54, -54, -54, -54, -54, -54, -54, -54, -54, -54, -56, -56, -55, -54, -54, -54, -54, -54, -54, -54, -54, -54, -54, -54, -54, -54, 
ec:c8:82:7a:3f:d3, 2462, Y5ZONE, -78, -71, -71, -72, -72, -71, -68, -72, -74, -72, -71, -71, -71, -68, -68, -68, -69, -69, -69, -69, -69, -68, -71, -68, -68, -68, -69, -71, -71, -72, -72, -72, -73, -73, -73, -72, -68, -68, -68, -71, -73, -71, -71, -71, -75, -74, -73, -71, -71, -69, -72, -68, -68, -68, -68, -68, -71, -73, -73, -72, -72, -72, -75, -75, -73, -73, -73, -72, -72, -72, -72, -71, -71, -71, -75, -75, -75, -75, -72, -72, -72, -70, -70, -70, -69, -72, -73, -73, -73, -72, -72, -72, -72, -72, -70, -71, -74, -74, -74, -74, 
ec:c8:82:7a:e4:7c, 5240, Y5ZONE, -75, -73, -73, -74, -74, -72, -72, -71, -71, -70, -70, -70, -70, -70, -70, -70, -70, -76, -76, -76, -75, -75, -75, -75, -75, -75, -71, -71, -69, -70, -74, -74, -74, -74, -72, -70, -70, -70, -71, -71, -71, -71, -71, -71, -71, -73, -72, -72, -72, -72, -70, -70, -75, -75, -75, -70, -70, -71, -71, -71, -71, -72, -72, -70, -70, -68, -68, -68, -68, -68, -74, -74, -74, -74, -74, -72, -72, -72, -76, -76, -76, -76, -76, -70, -72, -72, -72, -72, -72, -72, -71, 
ec:c8:82:7a:e1:61, 2412, PCCW, -57, -55, -55, -55, -57, -60, -63, -59, -56, -55, -55, -55, -57, -57, -57, -57, -57, -61, -59, -57, -58, -55, -59, -59, -57, -57, -57, -61, -58, -58, -57, -61, -58, -58, -57, -58, -58, -58, -59, -60, -59, -57, -57, -57, -57, -60, -63, -59, -59, -57, -56, -57, -57, -56, -57, -60, -57, -56, -56, -57, -57, -57, -57, -58, -58, -58, -58, -58, -57, -57, -56, -57, -54, -58, -59, -59, -58, -58, -58, -57, -56, -56, -57, -57, -57, -57, -57, -57, -57, -57, -57, -57, -57, -57, -57, -57, -57, -57, -60, -57, 
ec:c8:82:7a:3f:d1, 2462, PCCW, -77, -69, -70, -72, -72, -72, -68, -72, -71, -71, -71, -71, -71, -68, -68, -68, -68, -68, -68, -68, -68, -68, -70, -68, -68, -68, -69, -71, -71, -73, -72, -72, -72, -72, -72, -71, -68, -68, -69, -72, -72, -72, -72, -72, -74, -74, -71, -70, -71, -71, -72, -68, -67, -68, -68, -69, -71, -71, -72, -72, -72, -73, -73, -74, -74, -74, -74, -72, -72, -73, -73, -69, -70, -76, -75, -75, -73, -73, -72, -72, -70, -70, -70, -70, -69, -72, -73, -73, -73, -73, -73, -73, -73, -73, -70, -72, -74, -74, -72, -75, 
ec:c8:82:7a:e4:73, 2412, Y5ZONE, -74, -74, -74, -72, -72, -67, -67, -67, -67, -67, -69, -67, -67, -67, -67, -71, -71, -71, -70, -70, -73, -71, -71, -71, -68, -68, -69, -67, -67, -67, -68, -68, -67, -67, -67, -68, -68, -66, -68, -67, -67, -67, -67, -67, -67, -68, -68, -67, -67, -67, -68, -67, -67, -67, -67, -71, -71, -69, -69, -68, -71, -68, -69, -66, -66, -70, -70, -72, -72, -72, -72, -72, -72, -71, -71, -67, -67, -67, -67, -67, -67, -68, -68, -67, -67, -67, -67, -67, -67, -67, -67, -67, -67, -67, -67, -69, -71, -71, -71, -71, 
ec:c8:82:7a:e1:63, 2412, Y5ZONE, -59, -55, -56, -56, -58, -58, -62, -58, -56, -55, -55, -55, -59, -56, -56, -57, -56, -56, -58, -57, -58, -54, -59, -59, -56, -58, -59, -59, -58, -58, -56, -61, -57, -57, -57, -60, -58, -58, -59, -60, -59, -57, -57, -57, -57, -60, -62, -58, -58, -56, -56, -56, -57, -55, -55, -60, -56, -56, -57, -60, -58, -57, -57, -57, -57, -57, -57, -57, -57, -57, -56, -56, -54, -57, -60, -60, -58, -58, -58, -57, -56, -56, -58, -58, -56, -56, -57, -57, -56, -56, -56, -56, -56, -57, -57, -57, -57, -57, -60, -57, 
7c:e9:d3:7f:0c:9f, 2437, HP-Print-9F-LaserJet 1025, -84, -90, -89, -91, -91, -87, -91, -91, -91, -91, -91, -91, -91, -91, -90, -91, -90, -90, -92, -92, -92, -92, -92, -93, -91, -91, -90, -90, -90, -90, -91, -91, -91, -90, -87, -88, -87, -89, -90, -90, -90, -90, -90, -90, -89, -89, -89, -90, -90, -90, -92, -92, -90, -90, -87, -91, -89, -89, -89, -88, -90, -90, -90, -90, -90, -89, -89, -89, -89, -89, -90, -90, -90, -92, -88, -89, -87, -87, -91, -92, -92, -89, -89, -89, -89, -92, -90, -92, -90, -90, -88, -90, -89, -90, 
02:2f:4f:ac:99:a7, 2457, HP01C2D1, -77, -78, -78, -78, -78, -84, -83, -83, -83, -83, -83, -83, -80, -82, -82, -82, -82, -82, -83, -83, -80, -84, -82, -83, -83, -83, -83, -82, -82, -82, -82, -82, -84, -84, -84, -85, -85, -84, -84, -84, -84, -84, -84, -84, -84, -84, -83, -83, -83, -78, -78, -82, -82, -83, -83, -83, -83, -83, -83, -83, -83, -83, -83, -83, -83, -83, -77, -77, -81, -81, -81, -81, -83, -83, -82, -80, -80, -82, -81, -83, -83, -81, -82, -83, -79, -79, -83, -83, -83, -83, -83, -83, -83, -83, -83, -83, -81, 
00:19:be:00:05:b0, 2437, MtrecA8, -79, -79, -79, -82, -82, -82, -82, -81, -82, -82, -83, -83, -83, -83, -83, -83, -83, -81, -78, -82, -83, -83, -81, -81, -84, -85, -84, -84, -84, -84, -84, -83, -84, -83, -84, -84, -80, -82, -82, -82, -79, -81, -81, -79, -77, -82, -82, -78, -78, -84, -85, -82, -82, -84, -82, -83, -82, -83, -83, -83, -83, -81, -83, -83, -83, -83, -83, -83, -81, -83, -85, -82, -82, -82, -82, -82, -78, -83, -83, -83, -82, -82, -80, -83, -83, -83, -81, -82, -81, -82, -78, -78, -82, -83, -78, -78, -81, -82, -82, -78, 
34:bd:c8:db:57:8f, 5805, sMobileNet, -70, -79, -79, -79, -79, -79, -79, -78, -78, -80, -79, -79, -79, -78, -79, -79, -79, -79, -79, -79, -79, -79, -80, -80, -80, -79, -79, -78, -78, -78, -81, -78, -78, -78, -78, -78, -78, -78, -79, -79, -79, -79, -79, -79, -79, -78, -78, -79, -79, -79, -80, -79, -79, -80, -80, -80, -80, -80, -79, -78, -78, -79, -79, -79, -79, -79, -79, -79, -79, -79, -82, -82, -78, -78, -78, -78, -78, -77, -79, -78, -80, -81, -80, -80, -79, -79, -79, -79, -79, -79, -79, -79, -80, -80, -78, -79, -79, 
ec:c8:82:7a:e1:6b, 5805, eduroam, -64, -61, -62, -62, -66, -66, -66, -66, -67, -63, -61, -61, -61, -61, -62, -66, -66, -66, -68, -64, -63, -61, -65, -65, -66, -62, -61, -62, -61, -65, -68, -68, -66, -66, -68, -62, -66, -67, -67, -68, -62, -63, -61, -63, -62, -65, -67, -67, -67, -68, -61, -65, -61, -64, -67, -63, -62, -66, -63, -62, -66, -66, -66, -66, -67, -67, -67, -67, -67, -68, -63, -61, -61, -62, -62, -67, -68, -63, -61, -62, -62, -62, -66, -67, -68, -68, -68, -63, -62, -62, -61, -61, -61, -61, -61, -61, -61, -62, -62, -62, 
ec:c8:82:7a:e1:6d, 5805, Universities WiFi, -63, -61, -62, -62, -66, -66, -66, -65, -66, -62, -61, -61, -61, -61, -62, -66, -66, -66, -65, -63, -62, -61, -65, -64, -65, -62, -62, -62, -62, -66, -70, -67, -65, -66, -65, -61, -65, -65, -66, -67, -63, -64, -61, -63, -63, -65, -66, -68, -68, -68, -61, -65, -61, -73, -68, -64, -62, -64, -62, -62, -66, -66, -66, -66, -66, -66, -66, -66, -65, -65, -62, -62, -60, -61, -61, -65, -66, -62, -62, -61, -61, -61, -65, -66, -67, -67, -67, -63, -62, -62, -62, -62, -62, -62, -62, -62, -62, -62, -62, -62, 
ec:c8:82:7a:e1:6f, 5805, sMobileNet, -64, -63, -63, -63, -67, -64, -66, -66, -66, -64, -63, -63, -63, -63, -63, -64, -65, -66, -70, -64, -63, -63, -67, -65, -67, -63, -63, -63, -63, -64, -68, -67, -66, -66, -66, -64, -66, -66, -66, -68, -64, -64, -63, -63, -62, -65, -65, -65, -66, -67, -63, -64, -64, -65, -69, -65, -63, -67, -63, -63, -67, -67, -67, -66, -66, -66, -66, -66, -66, -68, -64, -63, -63, -63, -63, -65, -66, -64, -62, -62, -62, -62, -66, -67, -67, -67, -67, -63, -63, -63, -63, -63, -63, -63, -63, -63, -63, -63, -63, -65, 
ec:c8:82:7a:e1:6a, 5805, Alumni, -64, -63, -63, -63, -67, -68, -67, -67, -67, -67, -63, -63, -63, -63, -63, -66, -66, -70, -67, -66, -62, -62, -62, -65, -67, -63, -63, -63, -63, -66, -68, -68, -66, -67, -67, -63, -67, -67, -67, -68, -64, -64, -63, -64, -63, -66, -66, -67, -67, -67, -63, -63, -63, -64, -68, -64, -63, -67, -63, -63, -67, -68, -68, -68, -68, -68, -68, -68, -67, -67, -63, -63, -63, -63, -63, -67, -68, -64, -62, -62, -62, -62, -65, -68, -67, -68, -68, -64, -64, -64, -63, -63, -63, -63, -63, -63, -63, -62, -62, -63, 
ec:c8:82:7a:de:6d, 5320, Universities WiFi, -62, -66, -69, -70, -70, -73, -71, -70, -70, -69, -68, -70, -72, -72, -72, -68, -69, -69, -69, -69, -70, -70, -70, -67, -70, -70, -69, -69, -71, -70, -68, -69, -68, -70, -70, -69, -71, -71, -71, -70, -70, -71, -70, -70, -72, -72, -72, -71, -71, -71, -70, -71, -72, -70, -72, -72, -72, -68, -67, -69, -69, -70, -70, -70, -70, -70, -69, -69, -69, -70, -70, -67, -67, -67, -70, -69, -69, -72, -72, -71, -72, -72, -72, -70, -69, -69, -69, -69, -69, -69, -68, -69, -68, -68, -69, -70, -70, -70, -71, -71, 
ec:c8:82:7a:de:6b, 5320, eduroam, -63, -68, -70, -71, -69, -70, -71, -70, -70, -70, -69, -72, -72, -72, -72, -70, -70, -69, -71, -70, -72, -70, -71, -69, -70, -72, -70, -70, -70, -71, -69, -70, -69, -69, -72, -72, -72, -72, -72, -71, -71, -71, -71, -71, -71, -71, -75, -69, -71, -71, -70, -72, -72, -72, -71, -71, -72, -70, -68, -70, -70, -70, -70, -70, -71, -70, -70, -69, -71, -71, -71, -69, -69, -67, -69, -69, -70, -72, -72, -70, -71, -74, -73, -71, -71, -70, -70, -70, -70, -70, -69, -71, -70, -70, -70, -71, -71, -71, -71, -72, 
ec:c8:82:7a:de:6f, 5320, sMobileNet, -63, -68, -72, -71, -69, -70, -70, -71, -70, -71, -70, -70, -71, -72, -71, -71, -70, -70, -73, -70, -71, -69, -73, -72, -68, -69, -69, -70, -70, -70, -70, -72, -70, -72, -72, -71, -72, -72, -71, -71, -71, -71, -70, -70, -72, -71, -70, -70, -72, -72, -70, -72, -71, -74, -73, -72, -72, -69, -68, -69, -69, -73, -73, -70, -73, -71, -71, -70, -70, -72, -71, -71, -68, -68, -70, -69, -70, -73, -73, -73, -72, -72, -72, -71, -73, -69, -69, -69, -70, -70, -69, -69, -69, -70, -71, -71, -70, -71, -71, -72, 
ec:c8:82:7a:de:6a, 5320, Alumni, -64, -68, -72, -72, -72, -73, -73, -71, -70, -71, -69, -71, -72, -74, -73, -70, -69, -69, -73, -70, -71, -70, -71, -68, -69, -68, -70, -72, -70, -70, -71, -71, -70, -72, -72, -71, -71, -71, -71, -71, -71, -73, -72, -72, -75, -72, -72, -72, -74, -73, -72, -72, -72, -75, -74, -73, -73, -69, -68, -71, -68, -72, -72, -70, -71, -71, -71, -70, -70, -70, -70, -70, -67, -66, -68, -68, -69, -73, -73, -72, -72, -73, -73, -71, -71, -69, -69, -69, -69, -69, -69, -70, -69, -69, -69, -71, -72, -70, -72, -72, 
ec:c8:82:7a:dc:5b, 5765, eduroam, -64, -60, -59, -59, -59, -60, -58, -58, -58, -58, -58, -58, -58, -58, -58, -58, -58, -58, -58, -58, -58, -58, -61, -58, -58, -58, -58, -58, -58, -58, -58, -58, -58, -58, -58, -58, -58, -58, -58, -58, -58, -58, -58, -58, -58, -58, -62, -59, -58, -58, -58, -58, -58, -58, -61, -58, -58, -58, -58, -58, -58, -58, -58, -58, -58, -58, -58, -58, -58, -58, -58, -58, -63, -59, -59, -59, -59, -59, -58, -58, -58, -58, -58, -58, -59, -59, -58, -58, -58, -58, -58, -58, -58, -58, -58, -58, -58, -58, -58, -58, 
ec:c8:82:7a:dc:5d, 5765, Universities WiFi, -64, -60, -59, -58, -58, -61, -59, -58, -58, -58, -57, -57, -57, -57, -57, -58, -59, -59, -59, -59, -57, -57, -60, -56, -56, -56, -56, -56, -56, -57, -57, -56, -56, -58, -59, -59, -57, -57, -58, -58, -58, -58, -58, -57, -57, -57, -61, -58, -58, -58, -57, -57, -57, -57, -60, -57, -57, -57, -57, -57, -57, -58, -59, -58, -57, -58, -58, -58, -58, -58, -57, -57, -57, -58, -58, -58, -58, -58, -57, -57, -57, -58, -58, -58, -58, -57, -57, -57, -57, -57, -57, -57, -57, -57, -57, -57, -57, -57, -57, -57, 
ec:c8:82:7a:dc:5a, 5765, Alumni, -64, -60, -59, -59, -59, -63, -59, -59, -59, -59, -58, -58, -58, -58, -58, -59, -59, -59, -59, -58, -58, -58, -62, -58, -58, -58, -58, -58, -58, -58, -58, -58, -57, -58, -58, -59, -59, -58, -59, -59, -59, -59, -59, -59, -59, -59, -62, -59, -59, -60, -58, -58, -58, -59, -62, -59, -58, -58, -58, -58, -58, -59, -59, -59, -58, -58, -58, -58, -59, -59, -58, -58, -62, -59, -59, -59, -59, -59, -58, -58, -58, -59, -58, -58, -58, -58, -58, -58, -58, -58, -58, -58, -58, -58, -58, -58, -58, -58, -58, -58, 
ec:c8:82:7a:dc:5f, 5765, sMobileNet, -65, -60, -59, -59, -59, -62, -58, -58, -58, -58, -58, -58, -58, -58, -58, -59, -59, -59, -59, -59, -58, -58, -62, -58, -58, -58, -58, -57, -57, -57, -57, -57, -57, -58, -60, -59, -58, -58, -59, -59, -59, -59, -59, -58, -58, -58, -62, -58, -59, -59, -58, -58, -58, -58, -61, -58, -58, -58, -58, -58, -58, -58, -58, -58, -58, -58, -58, -58, -59, -59, -58, -58, -62, -59, -59, -59, -59, -59, -58, -58, -58, -58, -58, -58, -58, -58, -58, -58, -58, -58, -58, -58, -58, -58, -58, -58, -58, -58, -58, -58, 
34:bd:c8:e3:3b:2c, 5320, Universities WiFi, -67, -68, -70, -70, -69, -69, -69, -69, -69, -69, -69, -69, -69, -69, -69, -71, -71, -68, -70, -70, -71, -70, -70, -70, -69, -69, -71, -71, -71, -71, -71, -70, -70, -70, -70, -69, -71, -71, -71, -70, -70, -70, -69, -69, -71, -71, -69, -70, -70, -70, -70, -73, -69, -69, -70, -71, -70, -70, -70, -70, -70, -70, -70, -70, -70, -70, -70, -70, -70, -71, -70, -70, -69, -70, -70, -70, -70, -70, -70, -70, -70, -70, -70, -70, -71, -70, -70, -70, -70, -70, -70, -70, -71, -71, -70, -70, -70, -70, -70, -70, 
34:bd:c8:e3:3b:2d, 5320, sMobileNet, -67, -69, -72, -70, -72, -72, -71, -71, -71, -71, -71, -71, -71, -71, -71, -71, -72, -70, -71, -71, -71, -71, -71, -73, -72, -72, -72, -72, -72, -73, -73, -71, -71, -71, -71, -70, -70, -71, -71, -71, -70, -70, -70, -70, -70, -73, -70, -72, -71, -73, -71, -71, -71, -71, -71, -71, -71, -71, -72, -72, -71, -71, -71, -71, -71, -71, -71, -71, -70, -72, -71, -71, -69, -71, -71, -71, -71, -71, -71, -71, -71, -71, -71, -71, -70, -70, -71, -71, -71, -71, -71, -71, -71, -71, -71, -71, -71, -71, -71, -71, 
34:bd:c8:e3:3b:2f, 5320, eduroam, -67, -70, -72, -70, -70, -71, -73, -73, -69, -71, -71, -71, -71, -71, -71, -71, -71, -69, -70, -70, -70, -70, -70, -70, -72, -72, -72, -72, -71, -74, -72, -72, -71, -71, -70, -69, -72, -72, -71, -71, -71, -71, -71, -71, -70, -70, -70, -71, -71, -71, -70, -74, -70, -71, -71, -71, -71, -71, -71, -71, -71, -71, -71, -71, -71, -72, -71, -71, -71, -73, -71, -70, -70, -73, -73, -71, -71, -71, -72, -71, -71, -71, -71, -72, -71, -71, -71, -71, -71, -71, -71, -71, -71, -71, -71, -71, -72, -72, -72, -72, 
34:bd:c8:e3:3b:2e, 5320, Alumni, -68, -70, -72, -72, -73, -72, -74, -73, -72, -71, -72, -72, -72, -72, -72, -72, -72, -71, -71, -71, -71, -72, -71, -73, -73, -73, -73, -72, -72, -72, -72, -71, -71, -71, -71, -71, -71, -71, -72, -72, -72, -72, -72, -72, -72, -72, -71, -72, -72, -72, -72, -72, -70, -72, -72, -72, -72, -71, -71, -71, -71, -71, -72, -72, -72, -72, -72, -72, -71, -72, -71, -71, -70, -72, -72, -72, -72, -72, -72, -72, -72, -72, -72, -72, -72, -71, -72, -72, -72, -72, -72, -72, -72, -72, -72, -72, -72, -72, -72, -72, 
ec:c8:82:7a:e1:6c, 5805, Y5ZONE, -62, -61, -61, -61, -67, -67, -67, -67, -67, -67, -62, -62, -62, -61, -61, -66, -68, -68, -66, -64, -60, -60, -60, -65, -69, -62, -61, -61, -61, -65, -68, -68, -66, -66, -67, -61, -67, -67, -67, -68, -63, -62, -60, -63, -61, -67, -66, -68, -68, -67, -62, -61, -61, -64, -68, -63, -61, -68, -63, -62, -67, -68, -68, -68, -68, -68, -68, -68, -68, -67, -62, -62, -60, -62, -61, -68, -68, -63, -61, -61, -61, -61, -67, -68, -67, -69, -69, -62, -61, -61, -61, -61, -61, -61, -61, -61, -61, -61, -61, -61, 
ec:c8:82:7a:e1:6e, 5805, PCCW, -65, -63, -63, -63, -66, -66, -68, -67, -67, -67, -63, -63, -63, -63, -63, -67, -67, -68, -66, -65, -63, -62, -62, -65, -68, -64, -63, -63, -62, -66, -69, -69, -66, -68, -70, -63, -66, -67, -67, -68, -64, -64, -63, -64, -64, -65, -68, -71, -70, -70, -62, -66, -63, -65, -67, -64, -63, -66, -63, -63, -67, -67, -67, -67, -68, -68, -68, -68, -67, -69, -64, -62, -62, -62, -62, -67, -67, -63, -62, -63, -63, -63, -65, -67, -65, -68, -68, -64, -63, -63, -63, -63, -63, -63, -63, -63, -63, -63, -63, -65, 
ec:c8:82:7a:de:6c, 5320, Y5ZONE, -64, -68, -68, -72, -72, -74, -72, -70, -70, -70, -69, -72, -72, -73, -72, -68, -68, -68, -69, -68, -71, -69, -70, -67, -68, -68, -70, -72, -71, -70, -70, -70, -69, -70, -71, -69, -69, -68, -71, -71, -70, -73, -73, -72, -73, -71, -74, -72, -74, -73, -69, -71, -72, -72, -74, -73, -74, -70, -69, -69, -66, -72, -70, -70, -72, -71, -71, -70, -70, -72, -70, -70, -68, -68, -68, -69, -69, -73, -73, -71, -73, -74, -74, -70, -70, -68, -71, -68, -68, -68, -68, -69, -69, -69, -69, -72, -72, -70, -72, -72, 
ec:c8:82:7a:dc:5e, 5765, PCCW, -65, -61, -60, -60, -59, -62, -59, -59, -59, -59, -59, -58, -58, -58, -58, -59, -59, -59, -59, -59, -59, -59, -62, -58, -58, -58, -58, -58, -58, -58, -58, -57, -58, -58, -58, -59, -59, -58, -59, -59, -59, -59, -59, -58, -58, -58, -61, -59, -59, -59, -59, -59, -58, -58, -62, -59, -58, -58, -58, -58, -58, -59, -59, -58, -58, -59, -59, -59, -59, -60, -59, -58, -63, -60, -59, -59, -59, -59, -58, -58, -59, -58, -58, -58, -59, -59, -59, -58, -58, -58, -58, -58, -58, -58, -58, -58, -58, -58, -58, -58, 
ec:c8:82:7a:de:6e, 5320, PCCW, -63, -69, -70, -69, -69, -72, -70, -70, -70, -70, -70, -70, -71, -71, -72, -70, -69, -70, -70, -70, -70, -70, -70, -70, -71, -71, -71, -71, -72, -72, -68, -72, -68, -68, -70, -70, -71, -71, -72, -70, -70, -71, -69, -69, -73, -73, -72, -71, -73, -71, -69, -71, -71, -72, -72, -72, -72, -70, -69, -70, -70, -73, -72, -70, -73, -72, -71, -70, -70, -72, -71, -70, -69, -69, -70, -70, -70, -73, -73, -71, -73, -73, -73, -71, -71, -69, -70, -69, -69, -69, -69, -69, -70, -70, -69, -70, -71, -70, -71, -72, 
ec:c8:82:7a:dc:5c, 5765, Y5ZONE, -62, -58, -58, -58, -58, -62, -58, -58, -58, -58, -58, -58, -58, -58, -58, -57, -57, -57, -57, -57, -57, -58, -62, -58, -58, -58, -58, -58, -58, -58, -58, -58, -58, -58, -59, -58, -58, -58, -58, -58, -58, -58, -58, -58, -57, -58, -61, -58, -58, -58, -58, -58, -58, -58, -61, -58, -58, -58, -58, -58, -58, -58, -58, -58, -58, -58, -58, -58, -58, -58, -58, -58, -61, -58, -58, -58, -58, -58, -58, -58, -58, -58, -58, -58, -58, -58, -58, -58, -58, -59, -59, -58, -58, -58, -58, -58, -58, -58, -58, -58, 
34:bd:c8:e3:3b:2a, 5320, PCCW, -67, -69, -73, -71, -70, -70, -71, -71, -71, -71, -71, -71, -71, -71, -70, -71, -71, -69, -72, -72, -71, -71, -71, -70, -70, -72, -72, -72, -72, -72, -71, -71, -71, -71, -70, -70, -72, -72, -72, -71, -72, -72, -70, -70, -72, -71, -70, -72, -72, -72, -71, -71, -72, -72, -71, -71, -71, -71, -72, -71, -71, -71, -71, -71, -71, -71, -71, -71, -72, -72, -71, -71, -70, -70, -70, -70, -70, -71, -71, -71, -71, -71, -71, -71, -71, -71, -71, -71, -71, -71, -71, -71, -71, -71, -71, -71, -72, -70, -72, -71, 
34:bd:c8:e3:3b:2b, 5320, Y5ZONE, -68, -69, -72, -70, -70, -70, -73, -73, -70, -70, -72, -71, -71, -71, -71, -71, -71, -68, -70, -70, -71, -71, -71, -71, -72, -71, -72, -72, -72, -72, -71, -75, -71, -71, -70, -70, -71, -71, -71, -71, -71, -72, -71, -71, -74, -70, -70, -72, -71, -71, -71, -71, -70, -72, -71, -71, -71, -70, -71, -71, -70, -70, -72, -72, -71, -71, -71, -71, -70, -73, -70, -70, -70, -72, -71, -71, -71, -71, -71, -71, -71, -71, -71, -71, -71, -71, -71, -71, -71, -71, -71, -71, -71, -71, -71, -70, -71, -71, -72, -72, 
30:37:a6:a5:3e:0a, 5765, Alumni, -78, -82, -81, -80, -80, -81, -81, -81, -81, -80, -80, -80, -80, -80, -80, -80, -81, -81, -81, -80, -80, -80, -80, -80, -80, -80, -80, -80, -80, -80, -80, -81, -81, -81, -81, -81, -81, -81, -81, -81, -81, -81, -80, -80, -80, -81, -81, -82, -81, -81, -81, -81, -79, -79, -78, -80, -80, -80, -80, -80, -81, -81, -81, -81, -81, -81, -81, -80, -80, -79, -80, -80, -80, -80, -80, -80, -80, -80, -80, -80, -80, -80, -80, -80, -80, -80, -80, -80, -80, -81, -81, -81, -81, -81, -81, -81, -81, -82, -81, -81, 
30:37:a6:a5:3e:0d, 5765, Universities WiFi, -76, -83, -81, -81, -80, -81, -81, -81, -81, -81, -81, -81, -81, -81, -81, -81, -81, -81, -81, -80, -80, -80, -81, -81, -81, -81, -82, -81, -81, -80, -80, -80, -80, -80, -81, -81, -81, -81, -82, -82, -81, -81, -81, -81, -80, -80, -80, -81, -81, -81, -78, -79, -82, -82, -83, -82, -82, -82, -82, -82, -82, -81, -81, -81, -81, -81, -81, -80, -80, -79, -81, -81, -81, -82, -82, -82, -81, -81, -81, -81, -81, -81, -82, -81, -81, -81, -81, -81, -81, -81, -81, -81, -81, -81, -81, -81, -81, -82, -81, -81, 
30:37:a6:a5:3e:0b, 5765, sMobileNet, -77, -81, -80, -80, -82, -81, -81, -81, -81, -81, -81, -81, -81, -81, -81, -80, -80, -80, -79, -80, -80, -79, -79, -80, -80, -81, -81, -82, -83, -83, -80, -80, -80, -81, -81, -81, -80, -80, -80, -80, -80, -81, -81, -81, -81, -81, -81, -81, -81, -78, -78, -79, -79, -79, -80, -80, -80, -80, -80, -80, -80, -80, -80, -80, -80, -80, -80, -80, -77, -80, -80, -80, -80, -80, -80, -80, -80, -80, -80, -80, -80, -80, -81, -79, -79, -80, -80, -80, -80, -80, -80, -80, -80, -80, -80, -80, -80, -80, -79, 
30:37:a6:a5:3e:0c, 5765, eduroam, -77, -81, -81, -81, -81, -81, -81, -81, -80, -80, -80, -80, -82, -81, -80, -80, -80, -80, -80, -80, -80, -80, -80, -80, -81, -81, -81, -81, -81, -81, -80, -80, -80, -80, -81, -81, -81, -81, -81, -81, -81, -80, -80, -80, -81, -81, -81, -81, -81, -80, -80, -80, -80, -80, -80, -80, -81, -81, -81, -81, -81, -81, -81, -81, -81, -81, -80, -80, -78, -81, -81, -78, -78, -78, -80, -80, -81, -81, -81, -81, -81, -81, -81, -81, -81, -81, -81, -81, -81, -81, -81, -81, -81, -81, -81, -81, -81, -81, -80, 
30:37:a6:a5:3e:0f, 5765, Y5ZONE, -77, -81, -80, -81, -83, -83, -83, -80, -80, -80, -80, -80, -80, -80, -80, -80, -80, -79, -80, -81, -81, -81, -81, -80, -81, -81, -81, -81, -81, -79, -81, -80, -80, -81, -81, -81, -81, -81, -80, -80, -80, -83, -83, -83, -83, -81, -81, -81, -78, -79, -82, -82, -82, -80, -80, -80, -80, -80, -81, -80, -80, -81, -80, -80, -80, -80, -80, -78, -81, -81, -81, -81, -81, -80, -80, -80, -80, -80, -80, -80, -82, -82, -81, -81, -81, -80, -80, -80, -80, -80, -80, -80, -80, -80, -80, -82, -81, -81, 
30:37:a6:a5:3e:0e, 5765, PCCW, -77, -82, -81, -81, -81, -81, -81, -81, -81, -81, -81, -81, -81, -81, -80, -80, -82, -82, -81, -81, -81, -80, -80, -80, -81, -81, -81, -81, -81, -81, -81, -81, -81, -81, -81, -81, -81, -82, -81, -81, -81, -81, -82, -82, -81, -81, -81, -81, -81, -78, -80, -80, -80, -80, -81, -82, -81, -81, -81, -81, -81, -81, -80, -80, -80, -80, -80, -80, -78, -80, -80, -79, -81, -81, -81, -81, -81, -81, -81, -81, -80, -80, -81, -81, -81, -81, -81, -81, -81, -81, -81, -81, -81, -81, -81, -81, -81, -80, -80, 
ec:c8:82:7a:3f:dc, 5240, Y5ZONE, -72, -70, -70, -70, -70, -72, -72, -74, -74, -75, -75, -75, -75, -74, -74, -73, -75, -75, -75, -75, -75, -76, -76, -73, -75, -73, -73, -74, -74, -74, -74, -74, -76, -76, -76, -76, -76, -74, -74, -74, -74, -74, -73, -72, -72, -74, -74, -74, -74, -76, -75, -75, -75, -75, -75, -75, -74, -74, -74, -74, -74, -73, -73, -73, -73, -73, -73, -73, -73, -73, -74, -74, -74, -74, -74, -74, -73, -73, -74, -74, -74, -74, -74, 
00:23:cd:1b:08:88, 2427, TP-LINK_1B0888, -82, -89, -89, -89, -89, -89, -90, -90, -90, -89, -89, -89, -89, -89, -89, -89, -89, -89, -89, -84, -84, -84, -84, -84, 
ec:c8:82:7a:e4:71, 2412, PCCW, -71, -71, -71, -71, -71, -71, -68, -68, -67, -67, -67, -68, -67, -67, -67, -71, -71, -71, -69, -70, -70, -70, -70, -70, -69, -69, -68, -68, -68, -68, -68, -68, -68, -68, -67, -68, -68, -67, -67, -67, -67, -67, -67, -67, -67, -70, -70, -68, -68, -68, -68, -68, -68, -68, -68, -71, -71, -69, -69, -69, -71, -68, -69, -66, -67, -71, -71, -71, -71, -71, -71, -71, -71, -72, -72, -68, -68, -68, -68, -68, -68, -68, -68, -67, -68, -66, -67, -67, -67, -67, -68, -68, -68, -69, -69, -70, -73, -73, -73, -73, 
ec:c8:82:7a:3f:da, 5240, Alumni, -70, -76, -76, -73, -73, -75, -75, -75, -74, -74, -74, -74, -74, -77, -77, -77, -77, -77, -76, -76, -76, -76, -76, -73, -73, -73, -73, -73, -76, -76, -76, -76, -76, -75, -75, -75, -75, -75, -74, -75, -75, -75, -75, 
90:72:40:16:f6:37, 5180, PAO, -73, -73, -73, -73, -73, -73, -73, -77, -77, -77, -77, -73, -77, -77, -77, -73, -73, -78, -78, -78, -78, -72, -72, -72, -72, -72, -73, -73, -72, -72, -72, -72, -72, -77, -79, -79, -80, -80, -80, -80, -79, -74, -79, -79, -79, -80, -80, -80, -79, -75, -73, -71, -71, -73, -73, -73, -73, -73, -77, -77, -77, -77, -77, -74, -74, -78, -74, -74, -75, -75, -74, -74, -73, -77, -77, -78, -74, -74, -78, -78, -78, -78, -78, -73, -73, -73, -73, -73, -73, -78, -78, -78, -78, -80, -80, -79, -75, -79, -75, 
ec:c8:82:7a:e1:62, 2412, Universities WiFi, -70, -57, -57, -57, -57, -58, -58, -58, -58, -58, -61, -61, -57, -57, -57, -60, -60, -60, -57, -61, -57, -57, -57, -57, -57, -61, -61, -61, -61, -61, -59, -59, -59, -60, -60, -60, -60, -60, -58, -58, -58, -58, -58, -57, -57, -57, -57, -57, -57, -57, -57, -57, -57, -57, -57, -57, -57, -57, -57, -58, -58, -58, -58, 
ec:c8:82:7a:df:62, 2412, Universities WiFi, -54, -56, -56, -56, -56, -56, -57, -57, -57, -57, -57, -55, -55, -55, -55, -55, -55, -55, -55, -55, -55, -55, -55, -55, -55, -54, -54, -54, -54, -54, -57, -57, -57, -57, -57, -59, -59, -58, -58, -58, -58, -58, -58, -58, -58, -58, -58, -58, -59, -59, -59, -59, -59, -57, 
00:23:eb:3a:29:20, 2412, sMobileNet, -79, 
ec:c8:82:7a:e1:60, 2412, sMobileNet, -70, -58, -58, -58, -58, -58, -56, -56, -56, -56, -56, -56, -56, -58, -58, -55, -55, -58, -58, -58, -58, -58, -58, -58, -58, -58, -58, -58, -59, -59, -59, -59, -59, -59, -59, -59, -56, -56, -57, -57, -57, -57, -61, -61, -58, -58, -58, -58, -58, -55, -55, -55, -55, -55, -58, -58, -58, -56, -56, -58, -58, -58, -58, -58, -58, -59, 
ec:c8:82:7a:de:62, 2437, Universities WiFi, -65, -73, -73, -73, -73, -73, -73, -69, -70, -67, -71, -71, -71, -72, -73, -73, -73, -73, -73, -71, -71, -71, -71, -74, -74, -74, -74, -68, -68, -68, -68, -68, -68, -68, -68, -73, -74, -73, -73, -73, -73, -68, -68, -68, -71, -71, -71, -71, -71, -71, -68, -71, -71, -71, -72, -72, -74, -74, -74, -74, -74, -70, -70, -74, -74, -74, -74, -72, -72, -72, -69, -69, -69, -69, -69, -68, -68, -68, -68, -75, -74, -74, -73, -73, -73, -73, -73, -69, 
ec:c8:82:7a:e4:7e, 5240, PCCW, -76, -74, -74, -74, -74, -74, -72, -71, -71, -71, -71, -70, -70, -70, -70, -70, -70, -76, -76, -76, -75, -77, -77, -76, -76, -76, -76, -76, -70, -71, -73, -73, -73, -73, -72, -72, -71, -71, -70, -70, -70, -70, -70, -70, -71, -71, -71, -74, -74, -74, -74, -73, -72, -72, -72, -72, -72, -72, -72, -72, -71, -71, -71, -71, -71, -71, -72, -72, -70, -70, -70, -70, -70, -70, -74, -74, -74, -74, -74, -74, -74, -71, -75, -75, -75, -75, -75, -75, -70, -71, -71, -71, -71, -74, -72, -72, 
ec:c8:82:7a:dc:50, 2462, sMobileNet, -60, -54, -54, -54, -54, -54, -54, -54, -54, -54, -53, -55, -54, -55, -55, -55, -55, -55, -55, -59, -59, -52, -52, -53, -53, -53, -53, -53, -55, -55, -55, -55, -54, -54, -54, -54, -54, -54, -54, -54, -54, -53, -53, -53, -53, -53, -53, -54, -54, -54, -54, -54, -54, -54, -54, -55, -55, -55, -55, -55, -55, -55, -55, -55, -55, -55, -55, -55, -55, -55, -55, -55, -55, -55, -55, -55, -55, -55, -55, -55, -55, -55, -55, -54, -55, 
34:bd:c8:e3:3b:25, 2462, PCCW, -73, -76, -76, -76, -76, -76, -77, -77, -77, -77, -77, -76, -76, -76, -76, -78, -78, -78, -78, -78, -78, -78, -78, -78, -78, -78, -78, -78, -78, -78, -78, -78, -79, -78, -78, -78, -78, -78, -79, -79, -79, -79, -79, -80, -80, -80, -80, -80, -80, -80, -80, -80, -80, -80, -78, -78, -78, -78, -78, -79, -79, -79, -78, -79, -79, -79, -79, -79, -79, -79, -79, 
ec:c8:82:7a:3f:db, 5240, eduroam, -69, -71, -71, -71, -71, -71, -73, -73, -74, -74, -74, -74, -74, -73, -73, -73, -73, -74, -74, -74, -74, -73, -73, -73, -73, -73, -75, -74, -74, -74, -74, -74, -73, -73, -73, -73, -75, -75, -75, -72, -72, -72, -72, -72, -74, -74, -74, -74, -74, 
ec:c8:82:7a:df:60, 2412, sMobileNet, -60, -60, -60, -60, -60, -60, -60, -64, -64, -64, -64, -64, -55, -55, -55, -55, -55, -55, -59, -59, -59, -59, -59, -60, -60, -62, -62, -62, -62, -62, -61, -61, -61, -61, -63, -61, -61, -61, -61, -61, -59, -59, -59, -59, -59, -59, -59, -59, -58, -58, -58, -58, -58, -59, -59, -59, -59, -59, -60, -60, -60, -60, -60, 
2c:59:e5:b7:45:4c, 2437, HP-Print-4C-Officejet Pro X576dw, -85, -85, -85, -85, -87, -87, -84, -88, -88, -88, -87, -87, -87, -87, -87, -87, -88, -88, -87, -87, -87, -88, -88, -88, -88, -87, -87, -86, -86, -86, -89, -87, -85, -87, -87, -87, -87, -86, -87, -87, -89, -89, -89, -87, -87, -88, -88, -88, -88, -87, -87, -87, -86, -86, -88, -88, -88, -88, -87, -87, -87, -87, -87, -87, -87, -87, -87, -87, -87, -87, -87, -87, -87, -87, -83, -87, -87, -87, -87, -87, -87, -87, -87, -86, -86, -87, -85, -86, -86, -86, -86, -87, -87, -87, -87, -87, -87, -87, -88, -88, 
00:25:84:22:f7:3e, 5320, Universities WiFi, -77, 
ec:c8:82:7a:df:64, 2412, eduroam, -56, -57, -57, -57, -57, -57, -58, -58, -58, -58, -58, -58, -58, -57, -55, -58, -58, -58, -58, -58, -59, -59, -59, -59, -59, -59, -58, -56, -60, -60, -60, -60, -61, -61, -60, -60, -60, -60, -61, -60, -60, -60, -60, -60, -58, -58, -58, -58, -58, -59, -59, -59, -59, -59, -59, -60, -60, -59, -59, -59, -59, -59, -59, -59, -59, -58, 
00:23:eb:3a:13:50, 2437, sMobileNet, -67, -66, -66, -66, -66, -66, -66, -66, -66, -66, -66, -66, -67, -66, -68, -68, -68, -68, -66, -66, -66, -66, -66, -66, -65, -65, -65, -66, -65, -65, -66, -66, -66, -66, -66, -65, -65, -65, -65, -65, -66, -66, -66, -66, -66, -66, -69, -69, -69, -69, -67, -67, -67, -67, -67, -65, -65, -65, -65, -66, -66, -66, -66, -66, -67, -67, -67, -67, -67, -71, -71, -67, -67, -67, -67, -67, -67, -67, -67, -67, -67, -66, -66, -66, -66, -66, -66, -66, -66, -66, 
00:23:eb:3a:13:5f, 5180, sMobileNet, -62, -63, -63, -62, -60, -62, -61, -61, -62, -62, -62, -62, -61, -61, -61, -61, -61, -61, -61, -61, -61, -61, -63, -63, -63, -62, -61, -61, -61, -61, -61, -61, -61, -61, -61, -61, -61, -61, -61, -61, -62, -62, -62, -61, -61, -61, -61, -61, -61, -61, -62, -63, -63, -62, -62, -62, -61, -61, -61, -61, -62, -62, -62, -62, -62, -62, -62, -61, -61, -61, -61, -61, -62, -62, -62, -62, -62, -61, -61, -61, -61, -61, -61, -61, -61, -61, -61, -61, -61, -61, -61, -61, -61, -61, -61, -61, -61, -61, -62, -62, 
ec:c8:82:7a:e4:7b, 5240, eduroam, -75, -73, -73, -73, -73, -73, -71, -71, -70, -70, -70, -70, -70, -69, -69, -69, -69, -69, -73, -73, -73, -70, -70, -70, -70, -70, -71, -71, -71, -71, -71, -71, -71, -71, -71, -71, -71, -71, -71, -76, -76, -76, -76, -76, -72, -72, -72, -72, -72, -71, -71, -71, -71, -71, -73, -73, -70, -70, -70, -70, -70, -72, -72, -69, -69, -72, -72, -72, -72, -72, 
ec:c8:82:7a:dc:52, 2462, Universities WiFi, -59, -52, -52, -54, -54, -54, -54, -54, -53, -53, -53, -53, -53, -54, -54, -54, -54, -52, -52, -52, -52, -52, -52, -52, -54, -54, -54, -54, -54, -54, -52, -52, -52, -52, -53, -53, -53, -53, -54, -54, -54, -54, -54, -58, -58, -52, -52, -53, -53, -53, -53, -53, -54, -54, -54, -54, -54, -54, -54, -55, -55, -55, -55, -55, -54, -54, -54, -54, -54, -54, -54, -54, -54, -54, -54, -54, -54, -54, -54, -54, -54, -54, -54, -54, 
ec:c8:82:7a:dc:54, 2462, eduroam, -62, -55, -55, -55, -55, -55, -55, -55, -55, -55, -55, -55, -55, -55, -53, -53, -54, -56, -56, -56, -56, -56, -56, -56, -53, -53, -53, -53, -53, -56, -55, -55, -55, -55, -55, -55, -55, -55, -56, -54, -54, -54, -54, -54, -61, -61, -61, -56, -56, -56, -56, -56, -56, -56, -56, -56, -56, -56, -56, -56, -57, -56, -56, -56, -56, -56, -56, -56, -56, -56, -56, -56, -56, -56, -56, -56, -56, -56, -56, -56, -56, -56, -56, -56, -56, -56, 
ec:c8:82:7a:3f:df, 5240, sMobileNet, -70, -75, -75, -75, -75, -75, -75, -72, -72, -72, -72, -78, -78, -78, -78, -78, -75, -75, -74, -74, -74, -74, -74, -73, -73, -73, -73, -73, -73, -73, -73, -73, -73, -73, -73, -73, -73, -74, -74, -74, -73, -73, -73, -73, -73, -73, -74, -74, -74, -74, -74, -74, -74, -74, -75, -75, -75, -75, -75, 
ec:c8:82:7a:e1:65, 2412, Alumni, -69, -57, -57, -57, -57, -57, -56, -56, -56, -56, -56, -56, -56, -56, -56, -56, -56, -56, -56, -56, -58, -58, -58, -58, -58, -57, -57, -57, -57, -57, -57, -57, -57, -57, -57, -58, -58, -58, -58, -56, -56, -53, -53, -59, -59, -59, -59, -58, -58, -58, -58, -58, -58, -58, -58, -58, -58, -58, -58, -58, -58, -58, -64, -64, 
ec:c8:82:7a:e4:7a, 5240, Alumni, -74, -71, -71, -71, -70, -70, -70, -70, -70, -75, -75, -75, -71, -71, -71, -71, -71, -72, -70, -70, -70, -70, -70, -70, -70, -70, -70, -70, -70, -70, -72, -72, -72, -72, -72, -72, -72, -72, -70, -70, -70, -70, -70, -70, -70, -74, -74, -74, -74, -74, -71, -71, -71, -71, -71, -71, 
ec:c8:82:7a:e4:7f, 5240, sMobileNet, -76, -73, -73, -73, -73, -73, -70, -70, -70, -70, -70, -70, -70, -70, -70, -73, -73, -73, -73, -75, -75, -75, -75, -71, -71, -71, -71, -73, -73, -75, -75, -72, -72, -72, -72, -72, -72, -70, -70, -70, -70, -70, -74, -74, -74, -74, -74, -71, -71, -71, -71, -75, -75, -75, -75, -75, -70, -70, -70, -70, -70, -70, -70, -70, -70, -70, 
34:bd:c8:e3:3b:23, 2462, Universities WiFi, -74, -78, -78, -78, -78, -78, -80, -80, -80, -80, -79, -79, -79, -79, -79, -79, -79, -79, -79, -79, -79, -79, -79, -79, -79, -79, -80, -80, -80, -80, -80, -81, -81, -81, -80, -80, -80, -80, -80, 
ec:c8:82:7a:de:64, 2437, eduroam, -68, -77, -77, -77, -77, -77, -70, -70, -70, -71, -70, -72, -72, -72, -74, -74, -74, -72, -72, -72, -72, -72, -75, -74, -74, -77, -77, -77, -77, -77, -70, -70, -70, -70, -70, -70, -72, -72, -72, -72, -72, -69, -69, -71, -71, -71, -71, -71, -73, -73, -73, -73, -73, -72, -72, -72, -72, -74, -74, -74, -74, -74, -70, -70, -70, -70, -70, -70, -70, -70, -70, -75, -75, -75, -75, -75, -71, 
00:25:84:23:16:10, 2462, sMobileNet, -80, 
ec:c8:82:7a:e4:75, 2412, Alumni, -72, -72, -72, -71, -71, -71, -71, -71, -68, -68, -68, -68, -68, -68, -71, -71, -68, -68, -68, -68, -68, -68, -68, -68, -68, -68, -67, -67, -67, -67, -67, -68, -68, -68, -68, -68, -68, -68, -68, -68, -72, -69, -69, -69, -69, -68, -68, -68, -68, -68, -68, -72, -72, -72, -72, -67, -67, -67, -67, -67, -67, -67, -67, -67, -67, -67, -67, -67, -68, -68, -68, -68, -68, -72, -72, 
00:25:84:22:f7:3f, 5320, sMobileNet, -77, 
ec:c8:82:7a:e4:70, 2412, sMobileNet, -73, -67, -67, -67, -67, -67, -67, -67, -67, -67, -67, -75, -75, -75, -75, -75, -69, -67, -67, -67, -67, -67, -67, -67, -67, -67, -68, -68, -68, -68, -68, -68, -68, -68, -68, -68, -68, -68, -69, -69, -69, -69, -73, -73, -73, -73, -73, -68, -68, -68, -68, -68, -68, -68, -68, -68, -68, -68, -68, -68, -68, -68, -68, -74, -74, -74, -74, -74, -72, 
2c:b0:5d:97:26:a0, 2457, room7341_AV, -78, -79, -79, -75, -77, -80, -80, -80, -80, -80, -80, -80, -80, -81, -81, -81, -81, -81, -80, -80, -80, -80, -80, -79, -79, -79, -79, -79, -79, -79, -79, -79, -79, -80, -80, -80, -80, -81, -81, -81, -81, -81, -81, -81, 
00:23:eb:3a:29:2f, 5805, sMobileNet, -73, -73, -73, -73, -73, -80, -80, -80, -80, -80, -80, -80, -80, -80, -80, -81, -81, -81, -81, -81, -79, -79, -79, -79, -79, 
00:1d:70:92:dc:bb, 5240, sMobileNet, -74, -74, -74, -74, -74, -74, -76, -76, -76, -76, -76, 
00:1d:70:92:dc:ba, 5240, Alumni, -74, -75, -75, -75, -75, -75, -77, -77, -77, -77, -77, 
34:bd:c8:e3:3b:20, 2462, eduroam, -76, -76, -76, -76, -76, -81, -81, -81, -81, -81, -81, -81, -81, -81, -81, -81, -81, -81, -81, -81, -84, -84, -84, -84, -84, -83, -83, -83, -83, -83, 
34:bd:c8:e3:3b:24, 2462, Y5ZONE, -75, -78, -78, -78, -78, -78, -76, -76, -76, -76, -76, -82, -82, -82, -82, -82, -79, -79, -79, -79, -79, -80, -80, -80, -80, -81, -81, -77, -77, -76, -76, -76, -77, -77, -77, -81, -81, -81, -81, -81, -82, -82, -82, -81, -81, -81, -81, -81, -78, -78, -78, -78, -78, -81, -81, -81, -81, -81, -81, 
ec:c8:82:7a:dc:55, 2462, Alumni, -50, -50, -50, -50, -50, -54, -54, -54, -54, -54, -53, -54, -54, -54, -54, -58, -57, -57, -55, -55, -55, -55, -55, -59, -55, -55, -55, -54, -54, -54, -54, -54, -55, -55, -55, -54, -54, -54, -54, -54, -54, -54, -58, -58, -58, -58, -58, -58, -58, -55, -55, -54, -54, -53, -54, -54, -54, -54, -54, -54, -54, -54, -54, -54, -54, -54, -55, -55, -55, -55, -55, -55, -55, -55, -55, -55, -54, -54, -54, -54, -54, -54, -54, -54, -54, -54, -56, -56, -56, 
ec:c8:82:7a:3f:dd, 5240, Universities WiFi, -70, -70, -70, -70, -70, -76, -76, -76, -76, -76, -74, -74, -74, -74, -74, -77, -77, -75, -75, -75, -71, -71, -71, -71, -71, -75, -75, -75, -75, -75, -76, -76, -76, -76, -76, -75, -75, -75, -75, -75, -74, -74, -74, -74, -74, -74, -74, -75, -75, -75, -75, -75, 
ec:c8:82:7a:e4:7d, 5240, Universities WiFi, -73, -73, -73, -73, -74, -74, -74, -70, -70, -70, -70, -70, -70, -70, -70, -70, -70, -68, -69, -69, -69, -69, -69, -69, -69, -70, -70, -70, -72, -72, -72, -71, -71, -71, -71, -71, -74, -74, -74, -74, -74, -72, -72, -72, -72, -74, -74, -74, -74, -74, -73, -73, -73, -70, -70, -70, -70, -70, -73, -73, -70, -70, -70, -70, -70, -71, -71, -71, -71, -74, -74, -74, -74, -74, -69, -69, 
00:25:84:23:1e:51, 2462, Universities WiFi, -71, -71, -71, -71, -71, -71, -71, -72, -72, -72, -72, -72, -72, -72, -71, -71, -71, -71, -72, -72, -72, -72, -72, -72, -72, -73, -73, -73, -72, -72, -72, -72, -72, -72, -72, -72, -72, -71, -71, -71, -71, -71, -71, -71, -71, -71, -71, -71, -71, -71, -71, -71, -71, -72, -72, -72, -72, -72, -72, -72, -72, -72, -72, -72, -72, -72, -72, -72, -71, -71, -71, -71, -71, -71, -71, -71, -71, -71, -71, -71, -71, 
00:25:84:23:1e:50, 2462, sMobileNet, -71, -71, -72, -72, -72, -72, -72, -75, -75, -75, -75, -75, -71, -71, -71, -73, -73, -73, -73, -73, -73, -73, -73, -75, -75, -75, -75, -75, -75, -75, -75, -75, -75, -75, -74, -74, -72, -72, -73, -73, -73, -73, -73, -75, -75, -75, -75, -75, -75, -75, -75, -72, -72, -72, -72, -72, -72, -72, -73, -73, -73, -73, -73, -73, -73, -75, -75, -72, -72, -72, -73, -73, -73, -73, -73, 
00:25:84:22:f9:d1, 2412, Universities WiFi, -75, -75, -74, -74, -74, -74, -73, -73, -73, -73, -73, -73, -73, -73, -73, -73, -73, -73, -73, -73, -74, -74, -74, -74, -74, -74, -74, -74, -74, -74, -74, -74, -74, -74, -74, -74, -74, -74, -74, -74, -74, -74, -75, -74, -74, -74, -74, -74, -74, -74, -75, -73, -73, -73, -73, -73, -73, -73, -73, -73, -73, -73, -73, -73, -73, -73, -73, -73, -73, -73, -73, -73, -73, -73, -73, -73, -73, -73, -74, -74, -74, -74, -74, -73, -73, -73, -73, -73, -73, -73, -73, -73, -73, -73, -73, 
a4:17:31:3e:05:fe, 2412, HP-Print-fe-LaserJet 400 M401dw, -87, -83, -83, -86, -86, -86, -86, -86, -84, -86, -86, -86, -86, -83, -83, -85, -86, -86, -82, -85, -86, -87, -87, -87, -84, -86, -86, -86, -85, -82, -90, -87, -87, -87, -86, -86, -87, -84, -87, -87, -87, -87, -85, -89, -89, -89, -88, -87, -86, -88, -90, -87, -84, -87, -82, -86, -87, -87, -87, -87, -86, -85, -86, -83, -85, -85, -85, -86, -86, -86, -86, -86, -86, -86, -86, -86, -86, -86, -86, -85, -84, -84, -86, -86, -87, -87, -87, -87, -86, -87, -86, -87, -86, -86, -86, -86, -86, -85, -81, 
00:e0:4c:81:86:86, 2442, RTL8186-default, -88, -88, -88, -88, -84, -84, -84, -84, -84, -84, -84, -87, -87, -87, -87, -87, -87, -87, -87, -87, -87, 
ec:c8:82:7a:e1:64, 2412, eduroam, -60, -60, -60, -60, -60, -62, -58, -58, -58, -58, -58, -58, -58, -58, -60, -59, -59, -59, -59, -59, -60, -60, -60, -59, -59, -59, -59, -60, -60, -57, -60, -60, -60, -60, -63, -63, -63, -63, -63, -59, -59, -59, -59, -59, -60, -60, -59, -60, -60, -59, -59, -59, -59, -57, -57, -59, -59, -59, -59, -59, -58, 
ec:c8:82:7a:e4:72, 2412, Universities WiFi, -67, -67, -67, -67, -67, -68, -68, -68, -68, -68, -70, -70, -70, -70, -70, -68, -68, -68, -69, -69, -69, -69, -69, -69, -67, -67, -67, -67, -67, -67, -67, -67, -67, -67, -67, -69, -69, -69, -71, -71, -71, -71, -71, -72, -72, -72, -72, -72, -69, -69, -69, -68, -68, -68, -68, -68, -68, -68, -69, -69, -69, -69, -69, -71, -71, -71, -71, 
00:23:eb:3a:15:cf, 5260, sMobileNet, -76, -76, -76, -76, -76, -76, -76, -76, -76, -76, -76, -76, -76, -76, -77, -77, -77, -77, -77, -76, -76, -76, -76, -76, -76, -76, -76, -76, -76, -76, -76, -76, -76, -76, -76, -76, -76, -76, -76, -76, -76, -76, -76, -75, -75, -75, -76, -76, -76, -76, -76, -76, -76, -76, -76, -76, -76, -76, -76, -76, -76, -76, -76, -76, -76, -76, -76, -76, -76, -76, -76, -75, -75, -75, -75, -75, -76, -77, -76, -76, -76, -76, -76, -76, -76, -76, -76, 
00:25:84:22:f9:d0, 2412, sMobileNet, -75, -75, -75, -75, -75, -76, -76, -75, -75, -75, -75, -75, -75, -75, -75, -75, -75, -75, -75, -75, -75, -75, -75, -76, -76, -75, -75, -75, -75, -75, -75, -75, -75, -75, -75, -75, -75, -75, -75, -75, -75, -75, -75, -75, -74, -74, -74, -75, -74, -75, -75, -75, -75, -74, -74, -74, -74, -74, -76, -73, -73, -73, -73, -73, -75, -75, -75, -75, -76, -76, -75, -75, -75, -75, -75, -75, -75, -75, -75, -74, -74, -74, -74, -74, -75, -75, -75, -75, -75, -75, 
ec:c8:82:7a:3f:d5, 2462, Alumni, -68, -68, -68, -68, -68, -73, -73, -73, -73, -73, -68, -68, -68, -68, -68, -73, -73, -73, -73, -73, -73, -73, -75, -75, -75, -75, -75, -72, -72, -74, -74, -74, -74, -74, -74, -72, -72, -72, -72, -72, -72, -72, -72, -72, -72, -72, -72, -70, -70, -69, -69, -69, -69, -69, -74, -74, -74, -74, -74, -75, -75, -75, 
c8:d7:19:ff:2e:2d, 2412, Cisco64266, -90, -90, -90, -90, -90, -88, -88, -88, -88, -88, -89, -89, -89, -89, -89, -89, -89, -89, -89, -89, -90, -90, -90, -90, -90, -90, -89, -89, -89, -89, -89, -91, -91, -91, -91, -91, 
00:1d:70:92:dc:b5, 2462, Alumni, -78, -78, -78, -78, -78, -77, -77, -77, -77, -78, -79, -79, -79, -75, -75, -75, -75, -75, -79, -78, -78, -78, -78, -78, -78, -78, -78, -78, -77, -76, -76, -76, -77, -77, -77, -77, -77, -78, -78, -78, -78, -77, -77, -77, -77, -77, -76, -76, -76, -76, -76, -78, -78, -80, -80, -80, -80, -80, -77, -77, -77, -77, -79, -79, -77, 
00:25:45:a4:73:f0, 2437, sMobileNet, -75, -75, -75, -75, -75, -75, -75, -75, -75, -75, -75, -75, -75, -75, -75, -75, -75, -75, -75, -75, -75, -75, -75, -75, -75, -75, -76, -76, -76, -76, -76, -77, -77, -77, -77, -77, -77, -77, -77, -77, -77, -75, -75, -75, -75, -75, -75, -75, -75, -75, 
00:1d:70:92:dc:b1, 2462, PCCW, -76, -77, -77, -77, -76, -76, -76, -76, -76, -76, -76, -76, -78, -77, -77, -77, -77, -77, -77, -78, -80, -80, -80, -80, -77, -77, -77, -77, -77, -77, -77, -77, -77, -78, -78, -78, -77, -77, -77, -77, -77, -77, -78, -78, -78, -78, -78, -78, -78, -78, -78, -77, -77, -77, -76, -76, -76, -78, -78, -78, -78, -78, -77, -77, -77, -77, -77, -77, -77, -78, -78, -78, -77, -77, -77, -75, -76, -76, -76, -76, -79, -79, -78, 
00:1d:70:92:dc:b2, 2462, Universities WiFi, -78, -78, -78, -78, -78, -78, -78, -76, -76, -76, -76, -76, -76, -76, -76, -76, -76, -76, -76, -76, -77, -77, -77, -77, -77, -77, -77, -79, -79, -79, -79, -76, -76, -76, -76, -77, -77, -77, -77, -77, -78, -78, -78, -77, -77, -77, -77, -77, -77, -77, 
00:1d:70:92:dc:b3, 2462, eduroam, -80, -79, -78, -78, -78, -78, -75, -75, -75, -76, -76, -76, -76, -76, -80, -80, -80, -80, -80, -80, -80, -80, -79, -79, -79, -80, -80, -79, -79, -79, -79, -78, -78, -78, -78, -78, -81, -81, -81, -81, -80, -80, -80, -80, -78, -78, -78, -78, -78, -79, -79, -79, -79, -79, -79, -79, -79, -79, -79, -79, -80, -80, -79, 
ec:c8:82:7a:3f:d2, 2462, Universities WiFi, -67, -67, -67, -68, -68, -68, -68, -68, -69, -70, -70, -67, -67, -67, -67, -67, -74, -74, -74, -74, -73, -73, -73, -73, -73, -70, -71, -71, -71, -71, -71, -71, -71, -71, -71, -71, -69, -69, -69, -69, -69, -75, -73, -73, -73, -73, -73, -73, -74, -74, -74, -74, -74, -74, -74, -70, -70, -70, -70, -72, -72, 
ec:c8:82:7a:de:60, 2437, sMobileNet, -68, -68, -68, -68, -68, -75, -74, -73, -71, -71, -71, -71, -74, -74, -74, -73, -73, -73, -73, -73, -73, -73, -69, -69, -71, -67, -67, -67, -67, -67, -75, -75, -75, -75, -67, -67, -72, -71, -71, -71, -71, -71, -70, -70, -70, -70, -70, -75, -75, -75, -75, -75, -72, -72, -74, -74, -74, -74, -74, -74, -69, -69, -69, -69, -68, -68, -68, -68, -72, -72, -72, -72, -72, 
ec:c8:82:7a:e4:74, 2412, eduroam, -70, -70, -70, -70, -70, -70, -70, -70, -70, -70, -70, -70, -70, -70, -70, -70, -70, -70, -70, -70, -70, -70, -70, -74, -74, -74, -74, -74, -70, -70, -70, -70, -70, -70, -70, -70, -69, -69, -69, -69, -69, -70, -70, -70, -70, -70, -74, 
34:bd:c8:db:57:80, 2437, sMobileNet, -78, -78, -78, -78, -78, -77, -77, -77, -76, -76, -76, -76, -76, -77, -77, -77, -77, -77, -78, -78, -78, -78, -78, -78, -78, -78, -78, -78, -78, -78, -80, -80, -80, -80, -80, -80, -80, -78, -78, -78, -78, -78, -78, -78, -78, -78, -78, 
00:14:78:8e:d8:38, 2437, huma-pg, -91, -91, -91, -91, -91, -90, -90, -90, -90, -90, -91, -91, -91, -91, -91, -90, -90, -90, -90, -90, 
00:25:84:22:f7:31, 2462, Universities WiFi, -74, -74, -74, -74, -74, -74, -74, -74, -74, -74, -74, -74, -74, -74, -74, -74, -74, -74, -74, -74, -74, -74, -74, -74, -74, -74, -74, -74, -74, -74, -74, -74, -73, -73, -73, -73, -73, -74, -74, -74, -74, -74, -74, -74, -74, -74, -74, -74, 
00:1d:70:92:dc:b4, 2462, sMobileNet, -76, -76, -76, -76, -76, -78, -78, -78, -78, -78, -78, -78, -78, -78, -78, -82, -82, -82, -78, -78, -78, -78, -78, -78, -78, -78, -78, -78, -76, -76, -76, -76, -80, -80, -80, -80, -80, -78, -78, -78, -78, -77, -77, -77, -77, -77, -80, -80, -80, -80, -80, -80, -80, 
ec:c8:82:7a:3f:d0, 2462, sMobileNet, -71, -71, -71, -71, -71, -71, -72, -72, -72, -72, -72, -72, -72, -69, -69, -69, -69, -69, -69, -69, -69, -69, -69, -73, -72, -72, -74, -74, -74, -74, -74, -74, -72, -72, -72, -72, -72, -72, -72, -72, -71, -71, -70, -70, -70, -70, -70, -73, -73, -73, -73, -73, -75, -75, -75, 
34:bd:c8:e3:3b:21, 2462, Alumni, -80, -80, -80, -80, -80, -79, -79, -79, -79, -77, -77, -77, -77, -77, -77, -77, -77, -77, -77, 
a0:f3:c1:98:9b:44, 2462, ustrobotics, -90, -90, -90, -90, -90, -91, -91, -91, -91, -91, 
00:25:84:22:f7:30, 2462, sMobileNet, -74, -74, -74, -74, -74, -73, -73, -73, -73, -73, -73, -73, -74, -74, -74, -74, -74, -75, -75, -75, -73, -73, -73, -73, -73, -74, -74, -74, -74, -74, -74, -74, -74, -74, -74, -74, -74, -74, -74, -74, -74, -75, -75, -75, -75, -74, -74, -74, -74, -74, 
00:25:45:a4:73:f1, 2437, Universities WiFi, -75, -75, -75, -75, -75, -75, -75, -77, -77, -77, -75, -75, -75, -75, -76, -76, -76, -76, -76, -75, -75, -75, -75, -75, -75, -75, -75, -75, -75, -75, -75, -75, -75, -75, -75, -75, -75, -76, -76, -76, -76, -78, -78, -78, -78, -78, -78, -78, -78, -75, -75, -75, -75, -75, -75, -75, 
34:bd:c8:e3:3b:22, 2462, sMobileNet, -78, -78, -78, -78, -78, -78, -78, -78, -78, -78, -78, -78, -78, -78, -78, -78, -78, -79, -77, -77, -77, -77, -77, -77, -77, -80, -80, -80, -80, -80, -79, -79, -79, -79, -79, -79, -79, -79, -79, -79, -79, -79, -79, -79, -79, 
00:1d:70:92:dc:b0, 2462, Y5ZONE, -80, -80, -80, -80, -77, -77, -77, -77, -77, -78, -78, -78, -78, -79, -77, -77, -77, -77, -77, -77, -77, -77, -77, -81, -81, -81, -81, -81, -76, -76, -76, -76, -77, -77, -77, -77, -77, -79, -79, -76, -76, -76, -76, -76, -81, -81, -81, -81, -81, -76, -76, -76, -76, -76, 
ec:c8:82:7a:de:65, 2437, Alumni, -72, -69, -69, -69, -69, -69, -72, -72, -72, -72, -72, -69, -69, -69, -65, -65, -65, -65, -65, -75, -75, -75, -70, -70, -70, -70, -70, -70, -68, -69, -69, -69, -69, -69, -69, -69, -69, -69, -76, -76, -76, -73, -73, -73, -73, -73, -69, -69, -69, -69, -71, -71, -71, -71, -71, 
ec:c8:82:7a:3f:d4, 2462, eduroam, -69, -69, -69, -69, -69, -70, -70, -70, -70, -71, -71, -71, -71, -71, -74, -74, -74, -74, -74, -74, -74, -77, -77, -77, -77, -73, -73, -73, -73, -73, -73, -73, -73, -75, -75, -75, 
00:25:84:22:d6:c0, 2412, sMobileNet, -83, -83, -83, -83, -83, -82, -82, -82, -82, -82, 
ec:c8:82:7a:df:65, 2412, Alumni, -58, -58, -58, -58, -58, -62, -62, -62, -62, -62, -62, -62, -58, -58, -58, -58, -58, -61, -61, -61, -61, -61, -61, -61, -60, -61, -61, -61, -61, -61, -59, -58, -58, -58, -58, -56, -56, -56, -56, -56, -62, -62, -60, -60, -60, -60, -60, 
00:23:eb:3a:15:c0, 2412, sMobileNet, -74, -74, -74, -74, -74, -73, -73, -73, -73, -73, -73, -73, -73, -73, -73, -80, -80, -80, -80, -80, 
00:1d:70:92:dc:bd, 5240, Universities WiFi, -76, -76, -76, -76, -76, -73, -73, -73, -73, -73, -76, -76, -76, -76, -76, 
84:74:2a:d3:05:24, 2417, 4GLTE_D30524, -83, -83, -83, -83, -83, -92, -92, -92, -92, -92, -87, -87, -81, -81, -82, -82, -82, -82, -82, -84, -84, -85, -85, -77, -77, -74, -70, -71, -63, -62, -66, -60, -64, -56, -71, -72, -74, -74, -71, -71, -75, -75, -75, -72, 
90:f6:52:77:63:52, 2427, CLE_LC3018, -91, -91, -91, -91, -91, 
00:25:84:22:f9:71, 2412, Universities WiFi, -79, -79, -79, -79, -79, -80, -80, -80, -80, -80, -79, -79, -79, -79, -79, 
00:1d:70:92:dc:be, 5240, PCCW, -77, -77, -77, -77, -77, 
00:1d:70:92:dc:bc, 5240, eduroam, -78, -78, -78, -78, -78, 
