48:f8:b3:4a:3e:b3, 1, wireless3, -71, -57, -71, -59, -56, -71, -75, -60, -73, -58, -73, -73, -75, -74, -73, -75, -74, -73, -72, -72, -59, -72, -73, -73, -71, -59, -74, -74, -74, -58, -74, -74, -60, -59, -59, -76, -74, -75, -75, -76, -60, -61, -74, -61, -76, -78, -74, -59, -59, -61, -74, -75, -73, -73, -74, -58, -58, -73, -74, -72, -60, -60, -73, -75, -61, -75, -76, -73, -61, -75, -75, -60, -75, -77, -74, -61, -76, -75, -75, -75, -76, -74, -74, -74, -71, -76, -75, -77, -62, -61, -61, -76, -75, -74, -60, -61, -62, -60, -58, -75, -75, -74, -76, -77, -76, -78, -76, -76, -76, -75, -77, -76, -77, -77, -78, -77, -79, -76, -77, -78, -78, -75, -63, -63, -76, -77, -78, -69, -63, -63, -76, -79, -74, -78, -76, -63, -76, -75, -74, -74, -79, -74, -75, -76, -63, -74, -74, -61, -61, -74, -74, -74, -61, -76, -73, -73, -76, -74, -73, -72, -73, -74, -74, -76, -76, -74, -76, -77, -74, -74, -75, -76, -74, -75, -62, -76, -76, -75, -76, -76, -76, -75, -77, -73, -76, -75, -77, -77, -77, -76, -76, -76, -75, -76, -76, -78, -78, -76, -76, -78, 
1e:c1:15:f7:ab:b8, 6, hpsetup, -84, -73, -58, -69, -70, -72, -63, -59, -71, -70, -57, -71, -54, -58, -57, -72, -73, -70, -69, -71, -73, -79, -71, -75, -72, -78, -72, -62, -69, -76, -72, -71, -71, -70, -71, -79, -74, -71, -73, -62, -79, -70, -69, -74, -71, -66, -57, -58, -72, -86, -58, -80, -73, -71, -74, -75, -76, -72, -81, -81, -58, -63, -75, -75, -78, -77, -72, -73, -60, -74, -72, -71, -74, -74, -74, -65, -74, -81, -72, -79, -72, -74, -70, -55, -71, -72, -63, -70, -78, -83, -71, -75, -82, -71, -71, -73, -77, -76, -74, -71, -76, -82, -59, -72, -81, -71, -74, -57, -75, -71, -74, -76, -73, -62, -58, -75, -69, -82, -72, -73, -73, -72, -56, -79, -70, -81, -72, -71, -76, -72, -71, -72, -57, -68, -79, -57, -81, -71, -74, -80, -75, -56, -60, -71, -56, -70, -65, -58, -76, -76, -56, -58, -58, -74, -71, -72, -77, -72, -84, -58, -77, -73, -75, -68, -65, -78, -79, -78, -77, -70, -76, -73, -80, -72, -74, -70, -78, -72, -74, -73, -71, -79, -72, -76, -77, -71, -75, -78, -73, -77, -82, -76, -72, -75, -74, -75, -59, -63, -70, -78, 
c8:d7:19:69:f1:eb, 6, wireless3, -66, -78, -67, -72, -57, -53, -72, -56, -76, -71, -71, -72, -58, -58, -55, -76, -75, -74, -56, -75, -79, -72, -73, -72, -74, -75, -72, -76, -73, -75, -70, -72, -69, -73, -75, -76, -74, -76, -77, -77, -71, -81, -76, -76, -71, -75, -74, -72, -77, -70, -69, -73, -70, -74, -76, -76, -76, -76, -70, -70, -58, -55, -73, -55, -69, -58, -68, -70, -73, -70, -56, -74, -73, -74, -77, -59, -72, -72, -71, -72, -76, -71, -56, -78, -69, -70, -74, -75, -73, -72, -73, -71, -70, -71, -72, -71, -71, -74, -74, -73, -71, -72, -57, -72, -73, -72, -70, -57, -72, -72, -60, -72, -70, -79, -60, -73, -71, -67, -60, -74, -60, -73, -59, -71, -74, -74, -75, -73, -75, -75, -73, -76, -58, -78, -73, -74, -74, -72, -75, -71, -59, -73, -73, -73, -75, -73, -80, -57, -77, -71, -71, -64, -58, -72, -71, -77, -72, -73, -61, -64, -72, -73, -74, -74, -74, -58, -74, -71, -72, -72, -71, -72, -72, -70, -73, -72, -71, -71, -73, -69, -77, -72, -74, -74, -71, -73, -73, -71, -79, -73, -70, -54, -70, -69, -72, -75, -75, -74, -75, -73, 
70:56:81:ca:4d:55, 11, Tim', -64, -83, -83, -62, -82, -81, -73, -76, -76, -76, -76, -64, -64, -84, -82, -65, -79, -64, -82, -84, -79, -60, -80, -79, -83, -78, -84, -71, -81, -69, -77, -64, -64, -81, -79, -83, -83, -63, -63, -75, -72, -78, -80, -77, -77, -79, -79, -76, -81, -76, -73, -72, -76, -75, -62, -75, -75, -67, -61, -74, -85, -85, -66, -66, -78, -75, -75, -75, -75, -79, -79, -86, -86, -86, -86, -86, -81, -81, -81, -81, -79, -87, -66, -79, -78, 0, -80, -69, -69, -62, -68, -74, -82, -81, -78, -78, -78, -78, -83, -77, -83, -82, -81, -76, -84, -84, -79, -79, -78, -68, -81, -79, -75, -88, -61, -77, -80, -66, -66, -76, -64, -77, -75, -77, -72, -79, -79, -79, -81, -68, -68, -67, -77, -75, -75, -75, -77, -77, -77, -68, -63, -74, -81, -86, -76, -82, -78, -88, -89, -79, -80, -90, -76, -75, -79, -79, -79, -89, -78, -88, -83, -78, -73, -77, -79, -77, -86, -83, -76, -78, -78, -78, -86, -86, -78, -82, -79, -79, -79, -79, -67, -67, -67, -81, -87, -87, -75, -75, -83, -80, -79, -83, -83, -75, -75, -75, -75, -66, -80, -80, 
00:23:eb:0a:c2:5e, 40, Universitie, -71, -73, -71, -72, -72, -71, -72, -72, -74, -74, -73, -72, -73, -74, -73, -74, -75, -73, -74, -75, -73, -74, -72, -73, -74, -73, -72, -73, -74, -76, -74, -74, -73, -73, -74, -74, -73, -74, -74, -74, -73, -73, -73, -73, -73, -71, -74, -76, -72, -73, -72, -73, -74, -72, -73, -74, -62, -62, -75, -74, -74, -74, -76, -75, -74, -76, -75, -74, -77, -77, -78, -76, -76, -76, -77, -75, -75, -76, -73, -74, -75, -60, -75, -74, -75, -74, -75, -73, -74, -75, -76, -75, -74, -74, -74, -75, -74, -76, -75, -63, -76, -76, -75, -77, -75, -75, -74, -75, -63, -75, -76, -76, -76, -74, -76, -77, -76, -76, -75, -77, -75, -76, -77, -63, -76, -77, -76, -76, -74, -62, -76, -75, -74, -75, -76, -76, -75, -77, -76, -76, -77, -63, -76, -75, -75, -75, -77, -77, -77, -75, -74, -74, -78, -75, -77, -75, -76, -75, -76, -76, -76, -75, -77, -77, -76, -76, -76, -64, -64, -76, -64, -76, -76, -76, -76, -76, -76, -76, -77, -65, -77, -78, -76, -77, -78, -75, -78, -78, -76, -75, -74, -77, -77, -78, -78, -76, -77, -77, -77, -76, 
00:23:eb:0a:c2:5f, 40, sMobileNet, -72, -72, -73, -73, -60, -60, -60, -60, -75, -75, -60, -60, -60, -74, -62, -62, -73, -58, -58, -74, -61, -75, -70, -58, -58, -58, -71, -58, -58, -75, -60, -60, -72, -61, -73, -73, -62, -62, -73, -60, -60, -74, -59, -59, -73, -58, -58, -75, -59, -59, -59, -62, -62, -62, -73, -73, -73, -73, -73, -73, -75, -62, -62, -75, -61, -61, -76, -60, -60, -60, -64, -64, -64, -62, -62, -62, -75, -75, -75, -75, -75, -75, -74, -74, -74, -74, -74, -74, -76, -76, -76, -77, -77, -77, -76, -76, -73, -76, -76, -76, -77, -77, -77, -76, -75, -75, -72, -72, -72, -75, -75, -75, -77, -77, -77, -76, -76, -76, -76, -76, -76, -76, -76, -76, -76, -76, -76, -76, -62, -62, -76, -76, -76, -75, -75, -75, -76, -76, -76, -78, -78, -78, -75, -75, -77, -76, -76, -76, -63, -63, -74, -63, -77, -77, -63, -63, -76, -64, -64, -76, -64, -64, -77, -63, -63, -78, -78, -78, -76, -64, -64, -76, -76, -76, -80, -80, -78, -76, -76, -76, -78, -77, -77, -77, -77, -76, -77, -78, -76, -76, -76, -78, -64, -64, -76, -77, -77, -76, -63, -63, 
70:56:81:ca:4d:56, 149, Tim', -83, -85, -83, -84, -85, -84, -85, -85, -83, -83, -84, -81, -85, -84, -84, -85, -83, -85, -83, -83, -83, -83, -84, -84, -83, -82, -84, -84, -83, -83, -83, -83, -84, -84, -84, -84, -84, -83, -83, -85, -84, -84, -84, -84, -85, -86, -83, -83, -85, -83, -83, -83, -83, -84, -83, -82, -85, -81, -81, -82, -83, -84, -82, -81, -81, -81, -82, -82, -81, -82, -83, -82, -81, -81, -81, -82, -82, -80, -82, -84, -82, -82, -82, -82, -82, -82, -82, -82, -83, -83, -82, -82, -82, -82, -81, -81, -82, -81, -82, -82, -82, -83, -84, -86, -86, -85, -85, -85, -85, -84, -83, -82, -86, -84, -83, -83, -82, -84, -84, -85, -83, -85, -84, -84, -85, -83, -85, -86, -85, -85, -83, -82, -83, -82, -85, -85, -84, -84, -84, -84, -85, -85, -82, -80, -80, -82, -80, -80, -78, -81, -81, -81, -84, -80, -81, -81, -80, -82, -81, -81, -83, -81, -82, -81, -82, -80, -80, -80, -82, -83, -84, -86, -82, -83, -83, -86, -83, -82, -81, -83, -84, -84, -82, -83, -81, -81, -81, -80, -81, -81, -81, -81, -80, -81, -81, -81, -81, -81, -80, -80, 
00:25:84:22:fe:ae, 161, sMobileNet, -79, -79, -79, -79, -79, -58, -58, -58, -58, -58, -58, -59, -59, -59, -59, -59, -57, -56, -56, -56, -57, -57, -57, -57, -59, -59, -59, -59, -59, -59, -61, -61, -61, -59, -59, -59, -59, -59, -59, -58, -58, -58, -61, -61, -61, -59, -58, -58, -58, -57, -57, -57, -56, -56, -56, -58, -58, -58, -57, -57, -57, -57, -57, -58, -57, -59, -59, -59, -58, -58, -58, -59, -59, -59, -58, -58, -58, -57, -57, -57, -56, -56, -56, -56, -56, -56, -57, -57, -57, -57, -57, -57, -54, -54, -54, -54, -54, -54, -56, -56, -56, -57, -57, -57, -59, -59, -59, -59, -59, -59, -57, -57, -57, -59, -59, -59, -57, -57, -57, -56, -56, -56, -58, -58, -58, -56, -56, -56, -56, -56, -56, -56, -56, -56, -53, -53, -53, -56, -56, -56, -55, -55, -55, -56, -56, -56, -56, -56, -57, -59, -59, -59, -59, -59, -56, -56, -56, -55, -55, -55, -57, -57, -57, -56, -56, -56, -57, -57, -57, -60, -60, -60, -58, -58, -58, -57, -57, -57, -56, -56, -56, -57, -57, -57, -58, -58, -58, -58, -58, -58, -58, -58, -58, -58, -58, -60, -60, -60, -60, -60, 
00:25:84:22:fb:bf, 161, Universitie, -84, -58, -57, -57, -57, -57, -57, -57, -57, -57, -57, -57, -57, -57, -57, -58, -58, -58, -57, -57, -57, -57, -58, -58, -58, -58, -58, -58, -58, -58, -58, -58, -57, -57, -57, -57, -57, -57, -57, -57, -57, -57, -57, -57, -58, -58, -58, -57, -57, -57, -57, -57, -57, -57, -57, -57, -57, -57, -57, -66, -66, -66, -66, -66, -66, -66, -66, -66, 0, -66, -66, -66, -64, -64, -64, -63, -63, -63, -57, -57, -57, -57, -57, -57, -58, -58, -58, -58, -58, -58, -57, -57, -57, -58, -58, -58, -57, -57, -57, -58, -58, -58, -58, -58, -58, -58, -58, -58, -58, -58, -58, -56, -56, -56, -57, -57, -57, -58, -58, -58, -57, -57, -57, -57, -57, -57, -57, -57, -57, -57, -57, -57, -55, -55, -55, -58, -58, -58, -58, -58, -58, -56, -56, -56, -57, -57, -57, -58, -58, -58, -57, -57, -57, -58, -58, -58, -57, -57, -57, -58, -58, -58, -58, -58, -57, -57, -57, -57, -57, -57, -57, -57, -57, -62, -62, -62, -57, -57, -57, -58, -58, -58, -63, -63, -63, -64, -64, -64, -62, -62, -62, -62, -62, -62, -65, -65, -65, -63, -63, -65, 
00:23:eb:0b:54:9f, 161, sMobileNet, -77, -77, -77, -56, -56, -56, -56, -56, -56, -55, -55, -55, -55, -56, -56, -56, -55, -55, -55, -56, -55, -55, -55, -56, -56, -56, -55, -55, -55, -56, -56, -56, -56, -56, -56, -56, -56, -56, -56, -56, -56, -56, -56, -56, -56, -56, -56, -56, -56, -56, -56, -56, -56, -56, -56, -56, -56, -55, -55, -55, -56, -56, -56, -55, -55, -55, -55, -57, -57, -57, -56, -56, -56, -56, -56, -56, -57, -57, -57, -55, -55, -55, -55, -55, -55, -56, -56, -56, -55, -55, -55, -55, -55, -55, -55, -55, -55, -56, -56, -56, -55, -55, -55, -55, -55, -55, -56, -56, -56, -57, -57, -57, -56, -56, -56, -56, -56, -56, -56, -56, -56, -55, -55, -55, -55, -55, -55, -56, -56, -56, -55, -55, -55, -55, -55, -55, -55, -55, -55, -56, -56, -56, -56, -56, -56, -55, -55, -55, -56, -56, -56, -57, -57, -57, -55, -55, -55, -56, -56, -56, -56, -56, -56, -56, -56, -56, -56, -56, -56, -56, -56, -56, -56, -56, -56, -56, -56, -56, -56, -56, -55, -55, -55, -56, -56, -56, -56, -56, -56, -56, -56, -56, -56, -56, -56, -57, -57, -57, -57, -57, 
00:25:84:22:fe:af, 161, Universitie, -78, -57, -55, -55, -55, -55, -55, -55, -55, -55, -55, -55, -55, -58, -58, -58, -58, -58, -58, -56, -56, -56, -58, -58, -58, -57, -57, -57, -57, -58, -58, -58, -59, -59, -59, -59, -59, -59, -57, -57, -57, -56, -56, -56, -55, -55, -55, -56, -56, -56, -56, -56, -56, -57, -57, -57, -60, -60, -60, -58, -58, -58, -58, -58, -58, -58, -60, -60, -60, -58, -58, -58, -58, -58, -58, -56, -56, -56, -56, -57, -57, -57, -59, -59, -59, -58, -58, -57, -57, -57, -59, -54, -54, -54, -54, -54, -56, -56, -57, -56, -56, -56, -58, -58, -58, -59, -59, -59, -55, -57, -57, -58, -58, -58, -58, -58, -58, -58, -58, -58, -60, -60, -60, -60, -59, -59, -59, -59, -59, -59, -55, -55, -55, -55, -55, -55, -55, -55, -55, -55, -55, -55, -55, -55, -56, -56, -56, -58, -58, -58, -58, -58, -58, -56, -56, -56, -57, -57, -57, -57, -57, -57, -60, -60, -60, -57, -57, -57, -57, -57, -56, -59, -59, -57, -57, -57, -59, -59, -59, -59, -59, -59, -56, -57, -57, -59, -59, -59, -56, -56, -56, -58, -58, -58, -59, -59, -59, -59, -59, -59, 
00:18:39:cc:77:46, 6, mathpgstudent, -75, -76, -76, -63, -65, -65, -79, -79, -79, -79, -79, -66, -66, -66, -66, -66, -66, -66, -66, 0, 0, 0, 0, 0, 0, 0, 0, 0, 0, 0, 0, 0, 0, 0, 0, 0, 0, 0, 0, 0, 0, 0, -84, -84, -84, -84, -84, -84, -84, -84, 0, -79, -79, -67, -68, -68, -68, -68, -68, -68, -68, -68, 0, 0, 0, 0, 0, 0, 0, 0, 0, 0, 0, 0, 0, 0, 0, 0, -85, -85, -86, -84, -84, -84, -84, -71, -66, -64, -65, -72, -72, -72, -72, -72, -72, -72, -72, 0, 0, 0, 0, 0, -80, -90, -90, -80, -80, -80, -80, -80, -64, -64, -71, -88, -88, -68, -68, -67, -67, -67, -67, -67, -67, -67, -67, 0, 0, 0, 0, 0, -79, -79, -62, -62, -66, -79, -64, -77, -77, -77, -77, -77, -77, -77, -77, -77, 0, 0, -82, -82, -82, -80, -80, -80, -80, -80, -80, -80, -67, -61, -61, -61, -61, -61, -61, -61, -61, 0, 0, 0, 0, -78, -80, -78, -81, -81, -66, -67, -63, -65, -65, -63, -63, -67, -67, -67, -67, -67, -67, -67, -67, 0, -83, -83, -79, -82, -64, -79, -65, -65, 
00:25:84:22:fb:b0, 1, Universitie, -56, -41, -41, -41, -41, -52, -37, -36, -36, -36, -36, -53, -36, -36, -36, -37, -37, -51, -37, -37, -37, -36, -36, -36, -52, -37, -37, -37, -37, -37, -37, -51, -51, -51, -35, -35, -35, -52, -52, -52, -36, -36, -36, -52, -52, -52, -52, -36, -36, -53, -37, -37, -51, -38, -38, -38, -37, -37, -53, -44, -44, -44, -42, -42, -42, -53, -53, -53, -41, -41, -41, -56, -40, -40, -55, -42, -42, -56, -40, -40, -51, -36, -36, -52, -36, -36, -51, -37, -37, -51, -37, -37, -52, -38, -38, -51, -37, -37, -51, -36, -36, -51, -37, -37, -51, -38, -38, -53, -36, -36, -53, -36, -36, -51, -37, -37, -37, -37, -37, -52, -37, -37, -54, -37, -37, -52, -37, -37, -37, -36, -36, -52, -37, -37, -53, -38, -38, -52, -38, -38, -54, -39, -39, -52, -37, -37, -52, -38, -38, -56, -43, -43, -51, -51, -51, -53, -53, -53, -52, -52, -52, -53, -53, -53, -37, -37, -53, -37, -37, -37, -38, -38, -54, -39, -39, -53, -39, -39, -52, -37, -37, -52, -39, -39, -58, -43, -43, -59, -44, -44, -57, -43, -43, -59, -59, -59, -60, -60, -60, -61, 
00:17:df:aa:c1:21, 4, eduroam, -68, -54, -54, -54, -66, -65, -65, -65, -65, -63, -63, -65, -63, -63, -63, -65, -65, -64, -61, -61, -49, -64, -65, -65, -64, -49, -54, -68, -65, -65, -50, -65, -51, -64, -49, -48, -64, -64, -50, -65, -64, -49, -64, -64, -49, -49, -64, -48, -48, -63, -64, -64, -65, -49, -63, -63, -49, -49, -70, -66, -66, -65, -66, -51, -52, -52, -53, -68, -66, -50, -66, -66, -51, -51, -67, -50, -50, -66, -50, -66, -50, -65, -65, -64, -49, -51, -65, -64, -64, -66, -64, -64, -64, -64, -66, -64, -49, -65, -64, -48, -64, -63, -63, -63, -63, -65, -63, -64, -64, -64, -69, -49, -67, -67, -48, -63, -63, -49, -49, -63, -64, -64, -51, -63, -64, -65, -64, -65, -65, -63, -64, -63, -69, -52, -65, -65, -62, -64, -48, -48, -64, -63, -64, -50, -51, -51, -64, -64, -63, -70, -67, -70, -49, -50, -50, -49, -65, -65, -50, -50, -50, -63, -65, -64, -65, -51, -49, -64, -64, -65, -65, -50, -64, -68, -68, -65, -61, -65, -65, -64, -65, -65, -63, -53, -66, -67, -68, -51, -51, -54, -54, -67, -69, -70, -50, -50, -51, -65, -65, -64, 
00:17:df:aa:c1:22, 4, sMobileNet, -68, -68, -68, -68, -65, -63, -64, -64, -64, -62, -65, -65, -65, -65, -65, -65, -65, -64, -61, -61, -48, -63, -65, -65, -64, -50, -54, -68, -64, -64, -49, -67, -50, -64, -51, -51, -63, -64, -64, -64, -65, -65, -64, -49, -50, -64, -64, -64, -65, -48, -65, -64, -49, -49, -64, -63, -63, -63, -69, -65, -65, -66, -66, -50, -51, -52, -51, -68, -66, -66, -65, -50, -50, -67, -66, -50, -50, -66, -66, -65, -50, -64, -64, -64, -64, -50, -64, -64, -64, -64, -64, -64, -64, -65, -50, -64, -64, -65, -63, -49, -64, -64, -64, -64, -64, -64, -64, -49, -64, -64, -67, -67, -67, -64, -64, -63, -63, -50, -49, -64, -64, -64, -51, -63, -63, -64, -63, -64, -65, -65, -64, -64, -68, -51, -64, -64, -63, -50, -51, -51, -64, -64, -64, -49, -50, -50, -49, -65, -65, -69, -70, -69, -48, -52, -50, -49, -51, -67, -50, -50, -50, -63, -65, -63, -65, -50, -50, -65, -63, -65, -65, -49, -65, -67, -67, -65, -61, -65, -65, -65, -65, -67, -64, -54, -66, -67, -69, -50, -50, -53, -54, -67, -71, -70, -70, -50, -50, -65, -65, -66, 
00:23:eb:0b:54:9e, 161, Universitie, -76, -76, -76, -76, -76, -56, -56, -56, -56, -56, -55, -55, -55, -55, -55, -56, -56, -56, -56, -56, -56, -55, -55, -55, -56, -56, -56, -56, -56, -56, -56, -55, -55, -55, -56, -56, -56, -56, -56, -56, -56, -56, -56, -57, -57, -57, -55, -55, -56, -56, -56, -56, -55, -55, -55, -55, -56, -56, -55, -55, -55, -55, -56, -56, -56, -55, -55, -55, -56, -56, -56, -56, -56, -56, -57, -57, -57, -57, -57, -57, -57, -56, -56, -56, -56, -56, -56, -56, -56, -55, -55, -55, -55, -55, -55, -56, -56, -56, -56, -56, -56, -56, -56, -56, -57, -55, -55, -56, -56, -56, -56, -56, -56, -56, -56, -56, -56, -56, -56, -56, -55, -55, -55, -56, -56, -56, -56, -56, -56, -56, -56, -56, -57, -57, -57, -56, -56, -56, -56, -56, -55, -55, -55, -55, -55, -55, -55, -55, -55, -55, -55, -55, -56, -56, -56, -56, -56, -56, -55, -55, -55, -56, -56, -56, -56, -56, -56, -56, -56, -56, -56, -56, -56, -56, -56, -56, -56, -56, -56, -56, -56, -56, -56, -56, -56, -56, -56, -57, -57, -57, -56, -56, -56, -57, -57, -57, -56, -56, -56, -58, 
00:23:eb:0b:54:90, 1, sMobileNet, -68, -68, -53, -53, -53, -53, -67, -52, -52, -52, -52, -68, -53, -53, -53, -53, -53, -53, -67, -53, -53, -68, -53, -53, -67, -53, -53, -53, -68, -53, -53, -68, -53, -53, -68, -53, -53, -67, -53, -53, -67, -67, -67, -68, -53, -53, -68, -68, -68, -68, -53, -53, -67, -54, -54, -54, -53, -53, -53, -53, -53, -53, -65, -65, -65, -65, -54, -54, -68, -52, -52, -52, -53, -53, -53, -53, -53, -53, -67, -67, -67, -54, -54, -54, -67, -67, -67, -67, -67, -67, -67, -67, -67, -68, -68, -68, -68, -68, -68, -68, -68, -68, -68, -68, -68, -68, -68, -68, -53, -53, -53, -68, -68, -68, -68, -68, -68, -69, -69, -69, -69, -69, -69, -67, -67, -67, -69, -54, -54, -68, -68, -68, -66, -66, -66, -55, -55, -55, -69, -69, -69, -54, -54, -68, -55, -55, -67, -55, -53, -68, -55, -68, -70, -54, -54, -67, -53, -69, -68, -54, -67, -69, -55, -55, -69, -69, -69, -68, -68, -68, -69, -69, -69, -69, -69, -69, -68, -68, -67, -68, -68, -68, -71, -71, -71, -68, -68, -53, -53, -53, -68, -54, -54, -68, -54, -54, -69, -54, -54, -67, 
00:23:eb:3a:17:6f, 40, sMobileNet, -56, -56, -56, -56, -71, -70, -58, -58, -58, -58, -69, -58, -57, -57, -71, -58, -58, -70, -57, -57, -69, -71, -71, -71, -72, -72, -72, -69, -60, -60, -68, -58, -58, -70, -72, -72, -72, -71, -71, -69, -58, -58, -69, -57, -57, -69, -68, -68, -68, -71, -71, -71, -71, -71, -71, -70, -70, -71, -72, -72, -73, -70, -59, -59, -75, -74, -74, -74, -76, -76, -76, -72, -72, -72, -73, -73, -73, -74, -74, -74, -73, -70, -70, -71, -59, -59, -71, -71, -71, -70, -70, -70, -74, -60, -60, -74, -74, -74, -74, -72, -72, -74, -74, -74, -75, -75, -75, -74, -72, -72, -72, -72, -72, -71, -60, -60, -60, -60, -60, -73, -62, -62, -71, -73, -73, -73, -60, -72, -71, -72, -72, -73, -61, -61, -74, -62, -62, -73, -73, -73, -73, -73, -73, -73, -73, -73, -73, -73, -73, -75, -75, -75, -64, -64, -74, -61, -61, -72, -60, -73, -72, -60, -60, -72, -62, -75, -75, -76, -74, -74, -74, -74, -74, -61, -76, -75, -75, -75, -72, -73, -73, -75, -75, -75, -75, -75, -75, -77, -77, -77, -73, -73, -73, -74, -74, -74, -61, -73, -74, -60, 
00:23:eb:0b:4f:6f, 48, sMobileNet, -72, -72, -72, -70, -70, -58, -58, -58, -71, -72, -58, -58, -58, -71, -57, -72, -71, -70, -70, -70, -72, -72, -72, -70, -59, -59, -73, -60, -60, -60, -71, -71, -71, -71, -71, -71, -70, -59, -59, -72, -72, -72, -70, -70, -70, -71, -59, -59, -72, -58, -58, -58, -59, -59, -72, -60, -60, -71, -63, -63, -73, -62, -62, -74, -74, -74, -74, -73, -62, -62, -73, -61, -61, -74, -60, -60, -73, -60, -60, -72, -71, -72, -71, -60, -72, -69, -73, -71, -71, -60, -72, -72, -59, -59, -72, -72, -72, -71, -71, -71, -72, -60, -72, -71, -59, -59, -71, -60, -60, -71, -60, -60, -72, -72, -72, -71, -61, -61, -71, -60, -71, -72, -73, -73, -72, -60, -60, -60, -73, -73, -72, -60, -72, -74, -60, -72, -73, -60, -60, -72, -72, -72, -71, -60, -60, -71, -72, -72, -71, -71, -71, -74, -74, -71, -71, -71, -73, -71, -73, -73, -72, -72, -72, -72, -73, -70, -61, -72, -72, -60, -60, -72, -60, -60, -74, -61, -61, -72, -74, -74, -73, -60, -71, -72, -61, -61, -73, -60, -60, -73, -60, -60, -73, -73, -73, -76, -76, -76, -74, -74, 
00:25:84:22:fb:be, 161, sMobileNet, -86, -86, -86, -58, -57, -57, -57, -57, -57, -57, -58, -58, -58, -58, -58, -58, -58, -58, -58, 0, -57, -57, -57, -57, -57, -57, -57, -56, -56, -56, -57, -57, -57, -57, -57, -57, -57, -57, -57, -57, -57, -57, -58, -58, -58, -58, -58, -58, -57, -57, -57, -57, -57, -57, -58, -58, -58, -56, -56, -56, -56, -64, -64, -64, -63, -63, -63, -66, -66, -66, -66, -66, -66, -65, -65, -65, -63, -64, -64, -64, -64, -64, -64, -57, -57, -57, -57, -57, -57, -57, -57, -57, -57, -57, -57, 0, 0, -58, -58, -58, -57, -58, -58, -57, -57, -57, -57, -57, -57, -57, -56, -56, -58, -57, -57, -57, -57, -57, -57, -57, -57, -57, -57, -57, -57, -58, -58, -58, -57, -57, -57, -56, -56, -56, -56, -56, -56, -57, -57, -57, -57, -57, -58, -58, -58, -57, -57, -57, -64, -64, -64, -57, -57, -57, -58, -58, -58, -57, -57, -57, -57, -57, -57, -57, -57, -57, -57, -57, -57, -57, -57, -57, -57, -57, -57, -58, -58, -57, -57, -57, -57, -58, -58, -58, -66, -66, -65, -65, -65, -63, -63, -63, -63, -63, -63, -64, -64, -64, -64, -64, 
00:25:84:23:17:b0, 1, sMobileNet, -70, -57, -56, -56, -56, -73, -74, -74, -74, -74, -74, -74, -74, -74, 0, -57, -57, -72, -71, -71, -71, -57, -57, -57, -57, -57, -57, -57, -57, 0, 0, 0, 0, 0, 0, 0, 0, -57, -59, -72, -72, -72, -72, -72, -72, -72, -72, -57, -57, -57, -58, -58, -58, -58, -58, -58, -58, -58, 0, 0, 0, 0, -70, -57, -57, -68, -55, -55, -71, -71, -71, -57, -57, -57, -57, -56, -70, -71, -56, -56, -56, -56, -56, -56, -72, -72, -72, -60, -60, -60, -60, -60, -60, -71, -71, -71, -71, -71, -71, -71, -71, 0, -57, -57, -71, -71, -71, -71, -71, -71, -71, -71, -71, 0, 0, 0, 0, 0, -73, -73, -58, -58, -58, -58, -58, -58, -70, -70, -70, -70, -70, -71, -69, -69, -71, -58, -58, -58, -57, -57, -57, -71, -71, -72, -72, -72, -72, -59, -59, -73, -58, -58, -58, -58, -58, -58, -73, -73, -73, -57, -57, -71, -71, -71, -71, -71, -71, -71, -71, -71, 0, 0, 0, 0, 0, 0, -61, -61, -61, -61, -61, -61, -73, -72, -72, -72, -72, -72, -58, -58, -58, -56, -56, -56, -58, -72, -72, -72, -71, -73, 
00:23:eb:3a:17:60, 11, sMobileNet, -68, -68, -51, -51, -51, -51, -68, -70, -70, -70, -70, -67, -69, -69, -69, -67, -52, -52, -66, -51, -51, -65, -53, -53, -53, -68, -68, -68, -67, -56, -56, -68, -54, -54, -67, -54, -54, -54, -56, -56, -67, -54, -54, -68, -68, -68, -67, -53, -53, -53, -52, -52, -52, -52, -52, -52, -56, -56, -56, -68, -54, -54, -66, -52, -52, -67, -53, -53, -53, -54, -54, -54, -68, -68, -68, -66, -66, -66, -67, -67, -67, -67, -67, -67, -67, -67, -67, -55, -55, -55, -66, -55, -55, -67, -67, -67, -67, -67, -67, -67, -67, -67, -68, -68, -68, -69, -69, -69, -70, -70, -70, -66, -66, -66, -57, -57, -57, -70, -57, -57, -55, -55, -55, -68, -68, -68, -67, -56, -56, -68, -56, -56, -69, -69, -69, -68, -68, -68, -67, -67, -67, -69, -69, -69, -57, -57, -68, -56, -56, -56, -54, -54, -69, -56, -56, -66, -55, -55, -67, -54, -54, -66, -55, -55, -67, -54, -54, -65, -65, -65, -68, -57, -57, -66, -66, -66, -70, -70, -70, -66, -66, -66, -68, -52, -52, -66, -66, -66, -53, -53, -53, -55, -55, -67, -54, -54, -66, -53, -53, -67, 
00:23:eb:0a:c2:51, 11, Universitie, -56, -70, -57, -57, -57, -57, -57, -69, -69, -69, -69, -69, -71, -54, -54, -69, -58, -58, -71, -57, -57, -57, -58, -58, -58, -71, -71, -71, -69, -59, -59, -70, -57, -57, -57, -70, -70, -70, -70, -70, -70, -57, -57, -57, -59, -59, -59, -70, -70, -70, -69, -69, -69, -69, -69, -69, -69, -57, -57, -70, -57, -57, -71, -57, -57, -57, -57, -57, -57, -57, -57, -57, -70, -70, -70, -70, -57, -57, -70, -59, -59, -71, -57, -57, -57, -57, -57, -71, -56, -56, -71, -58, -58, -71, -71, -71, -70, -58, -58, -70, -57, -57, -71, -58, -58, -70, -58, -58, -69, -59, -59, -72, -58, -58, -72, -58, -58, -71, -57, -57, -71, -59, -59, -70, -58, -58, -70, -58, -58, -71, -58, -58, -70, -57, -57, -57, -57, -57, -69, -57, -57, -70, -70, -70, -68, -68, -68, -69, -69, -69, -69, -69, -69, -69, -69, -69, -69, -69, -69, -58, -58, -69, -58, -58, -70, -57, -57, -69, -59, -59, -71, -58, -58, -70, -55, -55, -70, -58, -58, -69, -58, -58, -71, -57, -57, -70, -57, -57, -70, -70, -70, -70, -70, -70, -56, -56, -68, -55, -55, -69, 
00:23:eb:0b:4f:60, 6, sMobileNet, -67, -68, -68, -47, -47, -47, -47, -64, -48, -47, -47, -47, -47, -47, -47, -47, -63, -63, -63, -64, -64, -64, -65, -47, -47, -65, -47, -47, -47, -65, -65, -65, -64, -64, -64, -64, -48, -48, -64, -64, -64, -64, -64, -64, -65, -65, -65, -49, -48, -48, -64, -49, -49, -65, -48, -48, -65, -48, -48, -69, -53, -53, -53, -53, -53, -53, -68, -54, -54, -69, -53, -53, -66, -51, -51, -52, -52, -52, -68, -50, -50, -64, -49, -49, -65, -50, -50, -65, -48, -48, -65, -49, -49, -65, -48, -48, -65, -48, -48, -64, -49, -49, -65, -48, -48, -65, -48, -48, -64, -47, -47, -47, -47, -47, -64, -48, -48, -64, -49, -49, -65, -48, -48, -48, -48, -48, -65, -64, -64, -64, -48, -48, -63, -53, -53, -65, -48, -48, -64, -49, -49, -49, -48, -48, -49, -49, -49, -65, -48, -48, -67, -52, -52, -52, -52, -52, -65, -65, -65, -49, -49, -49, -65, -65, -65, -49, -49, -64, -49, -49, -65, -48, -48, -66, -54, -54, -54, -49, -49, -64, -50, -50, -65, -54, -54, -68, -53, -53, -53, -50, -50, -51, -50, -50, -68, -68, -68, -68, -68, -68, 
00:25:84:22:fe:a0, 6, Universitie, -64, -64, -62, -51, -48, -48, -48, -48, -66, -50, -50, -50, -50, -48, -48, -48, -64, -64, -64, -64, -64, -64, -66, -47, -47, -47, -47, -47, -47, -47, -48, -48, -65, -51, -51, -66, -51, -51, -51, -50, -50, -67, -51, -51, -51, -47, -47, -66, -50, -50, -67, -51, -51, -65, -52, -52, -52, -49, -49, -49, -64, -64, -64, -64, -51, -51, -67, -50, -50, -50, -48, -48, -62, -49, -49, -49, -65, -65, -65, -64, -64, -64, -66, -66, -66, -52, -52, -52, -68, -68, -68, -66, -66, -66, -71, -71, -71, -66, -66, -66, -66, -66, -66, -66, -66, -66, -50, -50, -65, -65, -65, -65, -49, -49, -49, -69, -69, -69, -53, -53, -53, -65, -65, -65, -64, -64, -64, -65, -65, -65, -66, -66, -66, -70, -70, -70, -62, -62, -62, -51, -51, -65, -65, -65, -63, -49, -49, -49, -52, -52, -67, -51, -51, -51, -49, -49, -63, -47, -47, -66, -51, -51, -69, -50, -50, -51, -51, -51, -64, -64, -64, -52, -52, -52, -65, -65, -65, -48, -48, -48, -53, -53, -64, -65, -65, -65, -66, -66, -67, -67, -67, -64, -49, -49, -64, -49, -49, -65, -50, -50, 
00:25:84:22:fb:b1, 1, sMobileNet, -58, -58, -52, -38, -37, -37, -37, -37, -53, -37, -37, -37, -37, -36, -36, -36, -52, -52, -52, -40, -37, -37, -53, -35, -35, -35, -36, -36, -36, -38, -36, -36, -50, -39, -39, -51, -36, -36, -52, -35, -35, -53, -38, -38, -51, -36, -36, -53, -36, -36, -51, -37, -37, -52, -52, -52, -52, -52, -52, -52, -43, -41, -41, -41, -40, -40, -54, -42, -42, -42, -40, -40, -40, -42, -42, -42, -55, -55, -55, -52, -52, -52, -53, -53, -53, -36, -36, -36, -38, -38, -38, -37, -37, -37, -37, -37, -37, -35, -35, -35, -51, -51, -51, -38, -38, -38, -38, -38, -38, -52, -52, -52, -53, -53, -53, -52, -52, -52, -53, -53, -53, -51, -51, -51, -54, -54, -54, -52, -52, -52, -51, -51, -51, -53, -53, -53, -53, -53, -53, -52, -52, -52, -37, -37, -53, -37, -37, -51, -38, -38, -59, -43, -43, -52, -38, -38, -51, -38, -38, -53, -38, -38, -52, -38, -38, -53, -53, -53, -54, -54, -54, -52, -52, -52, -59, -59, -59, -53, -53, -53, -53, -53, -53, -53, -53, -53, -45, -45, -58, -43, -43, -58, -43, -43, -59, -45, -45, -61, -46, -46, 
00:23:eb:0b:54:91, 1, Universitie, -67, -67, -67, -68, -68, -68, -68, -68, -68, -53, -52, -52, -52, -68, -68, -68, -67, -54, -54, -54, -52, -52, -52, -67, -67, -67, -52, -52, -52, -52, -53, -53, -53, -53, -53, -53, -67, -67, -67, -68, -68, -68, -52, -52, -52, -67, -67, -67, -67, -67, -67, -68, -68, -68, -67, -53, -53, -67, -52, -52, -69, -52, -52, -66, -52, -52, -52, -64, -64, -64, -53, -53, -53, -68, -52, -52, -67, -53, -53, -68, -54, -54, -74, -54, -54, -68, -68, -68, -53, -53, -53, -67, -55, -55, -68, -53, -53, -54, -53, -53, -69, -52, -52, -68, -53, -53, -53, -54, -54, -68, -54, -54, -68, -54, -54, -68, -54, -54, -69, -55, -55, -67, -67, -67, -68, -55, -55, -68, -55, -67, -67, -55, -55, -69, -54, -54, -68, -55, -55, -68, -68, -68, -68, -68, -68, -69, -69, -69, -54, -54, -54, -69, -69, -69, -68, -68, -68, -68, -68, -68, -68, -68, -69, -55, -55, -68, -55, -55, -55, -55, -55, -67, -54, -54, -68, -55, -55, -69, -68, -68, -67, -54, -54, -54, -54, -54, -68, -54, -54, -54, -54, -54, -68, -68, -68, -68, -68, -68, -54, -54, 
00:17:df:aa:c1:20, 4, \x00, -69, -69, -63, -63, -51, -48, -48, -48, -65, -64, -50, -50, -50, -64, -50, -50, -64, -50, -50, -65, -48, -48, -65, -65, -65, -65, -54, -53, -53, -65, -50, -50, -50, -49, -49, -49, -63, -63, -63, -51, -51, -64, -48, -48, -48, -50, -50, -50, -64, -64, -64, -49, -49, -49, -64, -49, -49, -63, -53, -53, -66, -50, -50, -67, -52, -52, -52, -67, -67, -67, -66, -66, -66, -66, -50, -50, -66, -50, -50, -66, -50, -50, -64, -51, -51, -64, -50, -50, -64, -50, -50, -64, -49, -49, -63, -49, -49, -66, -49, -49, -64, -49, -49, -64, -49, -49, -64, -49, -49, -64, -53, -53, -67, -49, -49, -63, -48, -48, -48, -51, -51, -65, -50, -50, -64, -49, -49, -64, -49, -49, -63, -49, -49, -66, -50, -50, -63, -49, -49, -65, -65, -65, -65, -65, -65, -67, -67, -67, -63, -63, -63, -68, -68, -68, -51, -51, -51, -51, -51, -51, -50, -50, -64, -49, -49, -65, -52, -52, -65, -51, -51, -63, -51, -51, -68, -51, -51, -65, -50, -50, -64, -51, -51, -68, -52, -52, -67, -51, -51, -53, -53, -53, -53, -53, -53, -51, -51, -51, -51, -51, 
00:23:eb:0a:be:11, 6, Universitie, -77, -77, -77, -77, -77, -77, -77, -77, -77, -60, -60, -60, -60, -60, -60, -60, -78, -78, -78, -78, -78, -78, -78, -61, -61, -61, -61, -61, -61, -61, -61, 0, 0, 0, 0, 0, 0, 0, 0, 0, 0, 0, 0, 0, 0, -63, -63, -78, -78, -78, -78, -78, -78, -78, -78, -78, -78, -78, -78, -78, -78, 0, 0, 0, 0, 0, 0, 0, 0, 0, 0, 0, 0, 0, 0, -79, -79, -79, -79, -62, -62, -62, -62, -62, -62, -62, -62, -78, -62, -62, -77, -63, -63, -63, -63, -63, -63, -63, -63, 0, 0, 0, -78, -78, -78, -78, -63, -63, -79, -63, -63, -63, -62, -62, -62, -62, -62, -62, -62, -62, 0, 0, 0, 0, -62, -62, -62, -62, -62, -62, -62, -62, 0, 0, 0, 0, -62, -62, -62, -62, -62, -62, -62, -62, 0, 0, 0, -78, -78, -78, -78, -78, -78, -78, -78, 0, 0, 0, 0, -62, -62, -62, -78, -78, -78, -78, -78, -78, -78, -78, 0, -62, -62, -62, -62, -62, -62, -62, -62, -62, -62, -62, -78, -78, -78, -78, -62, -62, -78, -78, -78, -78, -62, -62, -62, -62, -62, -62, -62, -62, 
00:25:84:22:fe:a1, 6, sMobileNet, -50, -49, -49, -49, -65, -49, -48, -48, -48, -48, -63, -63, -47, -47, -64, -48, -48, -65, -48, -48, -48, -49, -49, -49, -66, -51, -51, -52, -52, -52, -65, -51, -51, -51, -51, -51, -51, -69, -69, -69, -52, -52, -52, -49, -49, -49, -50, -50, -50, -50, -50, -50, -67, -67, -67, -67, -52, -52, -64, -48, -48, -65, -50, -50, -50, -66, -66, -66, -66, -66, -66, -62, -62, -62, -64, -49, -49, -65, -50, -50, -64, -50, -50, -65, -51, -51, -68, -56, -56, -56, -47, -47, -47, -54, -54, -70, -48, -48, -63, -48, -48, -63, -63, -63, -66, -51, -51, -53, -53, -53, -66, -49, -49, -63, -53, -53, -70, -51, -51, -51, -47, -47, -49, -51, -51, -64, -46, -46, -67, -50, -50, -67, -50, -50, -68, -51, -51, -65, -50, -50, -49, -49, -49, -49, -49, -49, -52, -52, -52, -52, -52, -52, -52, -52, -52, -65, -65, -65, -51, -51, -66, -66, -66, -65, -50, -50, -66, -51, -51, -70, -48, -48, -48, -53, -53, -65, -49, -49, -49, -49, -49, -65, -50, -50, -67, -67, -67, -66, -66, -66, -65, -65, -65, -51, -51, -51, -49, -49, -49, -50, 
00:23:eb:3a:13:f0, 11, sMobileNet, -71, -71, -57, -57, -57, -57, -57, -57, -57, -57, -57, -57, -73, -56, -56, -71, -71, -71, -71, -61, -61, -61, -57, -57, -57, -74, -60, -60, -72, -58, -58, -58, -58, -58, -58, -73, -73, -73, -72, -72, -72, -58, -58, -58, -58, -58, -58, -58, -58, -58, -58, -58, 0, 0, 0, 0, -73, -58, -58, -74, -74, -74, -75, -59, -59, -59, -59, -59, -59, -73, -73, -73, -73, -73, -73, -73, -60, -60, -73, -60, -60, -72, -58, -58, -73, -58, -58, -58, -58, -58, -72, -59, -59, -72, -72, -72, -72, -72, -72, -72, -59, -59, -72, -58, -58, -72, -58, -58, -72, -72, -72, -72, -60, -60, -72, -58, -58, -58, -58, -58, -73, -58, -58, -58, -58, -58, -72, -58, -58, -71, -73, -73, -72, -72, -72, -72, -58, -58, -71, -57, -57, -72, -72, -72, -72, -72, -72, -72, -72, 0, 0, 0, 0, -72, -72, -72, 0, 0, -72, -72, -72, -72, -60, -60, -72, -58, -58, -72, -59, -59, -72, -58, -58, -75, -75, -75, -74, -62, -62, -73, -58, -58, -74, -74, -74, -74, -63, -63, -63, -63, -73, -75, -75, -75, -75, -75, -75, -63, -63, -76, 
00:23:eb:0a:be:10, 6, sMobileNet, 0, -60, -60, -60, -78, -78, -78, -78, -78, -78, -78, -78, -78, -78, -78, -78, -78, -78, -78, 0, 0, -60, -60, -60, -60, -60, -60, -60, -60, 0, -78, -62, -62, -62, -62, -62, -62, -62, -62, 0, 0, 0, 0, 0, 0, 0, 0, 0, 0, 0, 0, 0, 0, 0, 0, -63, -63, -63, -78, -78, -78, -78, -78, -78, -78, -78, 0, 0, 0, 0, 0, 0, 0, 0, 0, 0, 0, 0, 0, 0, 0, 0, 0, 0, 0, 0, 0, 0, 0, 0, 0, 0, 0, 0, 0, -79, -79, -79, -79, -64, -64, -64, -64, -64, -64, -64, -64, 0, 0, 0, -77, -63, -63, -63, -63, -63, -63, -63, -63, -78, -78, -78, -78, -78, -78, -78, -78, -78, -78, -78, -78, -80, -80, -80, -80, -61, -61, -61, -62, -62, -62, -62, -62, -62, -62, -62, 0, 0, 0, 0, 0, 0, 0, 0, 0, 0, 0, 0, 0, 0, 0, 0, 0, 0, 0, 0, -78, -78, -78, -78, -62, -62, -62, -62, -62, -62, -62, -62, -77, -77, -77, -79, -79, -79, -79, -62, -62, -62, -62, -62, -62, -62, -62, 0, 0, 0, 0, 0, 0, 0, 
00:25:84:23:1b:50, 6, sMobileNet, 0, -60, -57, -57, -57, -57, -75, -58, -58, -58, -58, -74, -74, -74, -74, -75, -75, -75, -75, -58, -58, -75, -58, -58, -75, -59, -59, -59, -59, -58, -58, -75, -58, -58, -58, -59, -59, -75, -60, -60, -60, -59, -59, -76, -59, -59, -76, -76, -76, -74, -60, -60, -75, -60, -60, -60, -59, -59, -59, -59, -59, -59, -79, -79, -79, -79, -79, -79, -79, -79, 0, 0, 0, 0, 0, 0, 0, 0, 0, 0, 0, 0, 0, 0, 0, 0, 0, -77, -77, -77, -75, -75, -75, -75, -75, -75, -75, -75, -75, -75, -75, -75, -59, -59, -59, -75, -75, -75, -60, -60, -60, -75, -75, -75, -60, -60, -60, -60, -60, -60, -75, -75, -75, -76, -76, -76, -76, -60, -60, -75, -75, -75, -75, -75, -75, -75, -75, 0, -59, -59, -59, -59, -59, -76, -59, -59, -59, -58, -58, -75, -75, -75, -75, -61, -61, -77, -59, -59, -76, -76, -76, -76, -76, -76, -76, -76, -76, -76, -76, -76, -76, -76, 0, 0, 0, 0, -61, -61, -61, -61, -61, -61, -59, -59, -59, -59, -59, -59, -59, -59, -78, -62, -62, -62, -62, -62, -62, -62, -62, 0, 
00:25:84:23:1b:51, 6, Universitie, 0, 0, 0, -75, -58, -58, -58, -58, -58, -58, -59, -59, -59, -75, -58, -58, -75, -75, -75, -75, -58, -58, -58, -58, -58, -58, -74, -74, -74, -74, -58, -58, -58, -59, -59, -59, -59, -59, -59, -59, -59, 0, 0, -76, -76, -75, -75, -75, -76, -76, -76, -76, -76, -76, -76, -76, 0, -77, -59, -59, -59, -59, -59, -59, -59, -59, 0, 0, 0, 0, 0, 0, 0, -78, -78, -78, -78, -78, -78, -76, -59, -59, -75, -59, -59, -76, -60, -60, -60, -59, -59, -75, -75, -75, -76, -61, -61, -75, -60, -60, -76, -60, -60, -77, -59, -59, -75, -59, -59, -76, -59, -59, -59, -61, -61, -75, -60, -60, -75, -59, -59, -74, -59, -59, -76, -60, -60, -75, -75, -75, -76, -60, -60, -75, -61, -61, -75, -60, -60, -59, -60, -60, -60, -60, -60, -60, -60, -60, -61, -61, -61, -61, -61, -61, -60, -60, -60, -61, -61, -61, -59, -59, -59, -59, -59, -59, -59, -59, -75, -75, -75, -77, -59, -59, -59, -61, -61, -76, -60, -60, -60, -60, -60, -60, -60, -60, -60, -60, -60, 0, 0, 0, 0, 0, 0, 0, 0, 0, 0, 0, 
00:0f:cb:a8:4d:6a, 2, MTRECWIFI, 0, 0, 0, 0, -68, -82, -82, -82, -82, -82, -68, -68, -68, -83, -83, -83, -83, -83, -83, -83, -83, 0, 0, 0, 0, 0, 0, 0, 0, 0, 0, 0, 0, 0, 0, 0, 0, 0, 0, 0, 0, 0, 0, 0, 0, 0, 0, 0, 0, 0, 0, 0, 0, 0, 0, 0, 0, 0, 0, 0, 0, 0, 0, 0, 0, 0, 0, 0, 0, 0, 0, 0, 0, 0, 0, 0, 0, 0, 0, 0, 0, 0, 0, 0, 0, 0, 0, 0, 0, 0, 0, 0, 0, 0, 0, 0, 0, 0, 0, 0, 0, 0, 0, 0, 0, 0, 0, 0, 0, 0, 0, 0, 0, 0, 0, -84, -84, -84, -84, -84, -84, -84, -84, 0, 0, 0, 0, 0, 0, 0, 0, 0, 0, 0, 0, 0, 0, -84, -70, -70, -70, -71, -71, -71, -71, -71, -71, -71, -71, 0, 0, 0, 0, 0, 0, 0, 0, 0, 0, 0, 0, 0, 0, 0, 0, 0, 0, 0, 0, 0, 0, 0, 0, 0, 0, 0, 0, 0, 0, 0, 0, 0, 0, -72, -72, -72, -72, -72, -72, -72, -72, 0, 0, 0, 0, 0, 0, 0, 0, 0, 
00:23:eb:0a:c2:50, 11, sMobileNet, 0, 0, 0, 0, 0, -56, -55, -55, -55, -69, -69, -57, -57, -57, -70, -70, -70, -70, -70, -70, -70, -57, -57, -70, -58, -58, -71, -58, -56, -56, -71, -57, -57, -70, -57, -57, -70, -58, -58, -70, -57, -57, -57, -57, -57, -69, -70, -70, -71, -58, -58, -69, -57, -57, -71, -57, -57, -57, -56, -56, -56, -72, -72, -72, -70, -70, -70, -70, -58, -58, -71, -57, -57, -71, -71, -71, -71, -71, -71, -71, -71, -71, -71, -70, -70, -70, -71, -71, -71, -58, -58, -58, -71, -71, -71, -71, -71, -71, -72, -72, -72, -71, -71, -71, -59, -59, -59, -71, -71, -71, -70, -70, -70, -72, -72, -72, -70, -70, -70, -70, -70, -70, -59, -59, -59, -70, -70, -70, -71, -71, -71, -70, -70, -70, -71, -71, -71, -70, -70, -70, -57, -57, -71, -58, -58, -69, -57, -57, -69, -56, -56, -70, -58, -58, -71, -57, -57, -70, -56, -56, -69, -57, -57, -71, -57, -57, -70, -70, -70, -71, -71, -71, -71, -71, -71, -69, -69, -69, -70, -70, -70, -58, -58, -58, -71, -71, -71, -57, -57, -71, -56, -56, -70, -56, -56, -68, -54, -54, -70, -56, 
00:25:84:23:19:ae, 64, Universitie, 0, 0, 0, 0, 0, 0, 0, 0, 0, 0, -79, -79, -79, -82, -82, -82, -82, -82, -82, -82, -82, 0, 0, 0, 0, 0, 0, 0, 0, 0, 0, 0, 0, 0, 0, 0, 0, 0, 0, 0, 0, -68, -68, -68, -68, -68, -68, -68, -68, 0, 0, 0, 0, 0, 0, 0, 0, 0, 0, 0, 0, 0, 0, 0, 0, 0, 0, 0, 0, 0, 0, 0, 0, 0, 0, 0, 0, 0, 0, 0, 0, 0, 0, 0, 0, 0, 0, 0, 0, 0, 0, 0, 0, 0, 0, 0, 0, 0, 0, 0, 0, 0, 0, 0, 0, 0, 0, 0, 0, 0, 0, 0, 0, 0, 0, 0, 0, 0, 0, 0, 0, 0, 0, 0, 0, 0, 0, 0, 0, 0, 0, 0, 0, 0, 0, 0, 0, 0, 0, 0, 0, 0, 0, -82, -82, -82, -82, -82, -82, -82, -82, 0, 0, 0, 0, 0, 0, 0, 0, 0, 0, 0, 0, -80, -80, -80, -80, -80, -80, -80, -80, 0, 0, 0, 0, 0, 0, 0, 0, -81, -81, -81, -81, -81, -81, -81, -81, 0, 0, 0, 0, 0, 0, 0, 0, 0, 0, 0, -84, -84, 
00:17:df:aa:9b:a2, 1, sMobileNet, 0, 0, 0, 0, 0, 0, 0, 0, 0, 0, 0, 0, 0, 0, -79, -79, -79, -79, -79, -79, -79, -79, -65, -65, -65, -65, -65, -65, -65, -65, 0, 0, -65, -65, -65, -65, -65, -65, -65, -65, -65, 0, 0, 0, 0, 0, 0, 0, 0, 0, -79, -79, -79, -79, -79, -79, -79, -65, -65, -65, -65, -65, -65, -65, -65, 0, 0, 0, 0, 0, 0, 0, 0, 0, 0, 0, 0, 0, 0, -81, -79, -79, -79, -79, -79, -79, -79, -79, -79, 0, -79, -79, -79, -80, -64, -64, -64, -64, -64, -64, -64, -64, 0, 0, 0, -80, -80, -79, -79, -79, -79, -79, -79, -79, -79, -79, 0, 0, 0, 0, 0, 0, -66, -66, -66, -66, -80, -80, -80, -80, -80, -80, -80, -80, 0, 0, 0, 0, 0, 0, -62, -62, -62, -62, -62, -62, -62, -62, -62, 0, 0, 0, 0, 0, 0, 0, 0, 0, 0, 0, 0, 0, 0, 0, 0, 0, 0, -79, -66, -66, -66, -65, -65, -65, -65, -65, -65, -65, -65, 0, -80, -80, -80, -80, -80, -80, -80, -80, -80, 0, 0, 0, 0, 0, 0, 0, 0, 0, 0, 0, 
00:23:eb:0a:c2:c0, 11, sMobileNet, 0, 0, 0, 0, 0, 0, 0, 0, 0, 0, 0, 0, 0, 0, -78, -78, -78, -78, -78, -78, -78, -78, 0, 0, 0, 0, 0, 0, 0, 0, 0, 0, 0, 0, 0, 0, 0, 0, 0, 0, 0, 0, 0, 0, 0, 0, 0, 0, 0, 0, 0, 0, 0, 0, 0, 0, 0, 0, 0, 0, 0, 0, 0, 0, 0, 0, 0, 0, 0, 0, 0, 0, 0, 0, 0, 0, 0, 0, 0, 0, 0, 0, 0, 0, 0, 0, 0, 0, 0, 0, 0, 0, 0, 0, 0, 0, 0, 0, 0, 0, 0, 0, 0, 0, 0, 0, 0, 0, 0, 0, 0, 0, 0, -78, -78, -78, -78, -78, -78, -78, -78, 0, 0, 0, 0, 0, 0, 0, 0, 0, 0, 0, 0, 0, 0, 0, 0, 0, 0, 0, -64, -64, -64, -64, -64, -64, -64, -64, -78, -78, -78, -78, -78, -78, -78, -78, 0, 0, 0, 0, 0, 0, 0, 0, 0, 0, 0, 0, 0, 0, 0, 0, 0, 0, 0, 0, 0, 0, 0, 0, 0, 0, 0, 0, 0, 0, 0, 0, 0, 0, 0, 0, 0, 0, 0, 0, 0, 0, 0, 0, 
00:23:eb:0b:52:00, 1, sMobileNet, 0, 0, 0, 0, 0, 0, 0, 0, 0, 0, 0, 0, 0, 0, 0, 0, 0, 0, -74, -74, -74, -58, -58, -58, -74, -74, -74, -74, -74, -74, -74, -74, -74, -74, -74, -74, -74, -74, -59, -59, -59, -59, -59, -59, -59, -59, 0, 0, 0, 0, -74, -74, -74, -74, -74, -74, -74, 0, 0, 0, 0, 0, 0, 0, 0, 0, 0, 0, -71, -71, -71, -72, -72, -72, -72, -72, -72, -72, -72, 0, 0, 0, 0, 0, 0, 0, 0, 0, 0, 0, -74, -74, -74, -74, -74, -74, -74, -74, 0, 0, 0, 0, 0, 0, 0, -61, -61, -61, -61, -61, -61, -61, -61, -61, -61, -61, -61, -61, -61, 0, 0, 0, 0, 0, 0, 0, 0, 0, 0, 0, 0, 0, 0, 0, 0, 0, 0, 0, 0, 0, 0, 0, 0, 0, 0, 0, -75, -75, -75, -75, -62, -62, -62, -62, -62, -76, -61, -61, -61, -61, -61, -75, -75, -75, -75, -75, -75, -75, -75, 0, 0, 0, 0, 0, 0, 0, 0, 0, 0, 0, 0, 0, 0, 0, 0, -78, -78, -78, -78, -78, -78, -78, -78, -76, -76, -76, -76, -76, -76, -76, 
00:17:df:aa:9b:a0, 1, \x00, 0, 0, 0, 0, 0, 0, 0, 0, 0, 0, 0, 0, 0, 0, 0, 0, 0, 0, 0, 0, 0, -65, -65, -65, -65, -65, -65, -65, -67, -67, -67, -67, -67, -67, -67, -67, 0, -79, -66, -66, -80, -64, -64, -64, -64, -64, -64, -64, -64, 0, 0, 0, 0, 0, 0, 0, 0, 0, 0, 0, 0, 0, 0, 0, 0, 0, 0, 0, 0, 0, 0, 0, 0, 0, 0, 0, 0, 0, 0, 0, 0, -64, -64, -64, -64, -64, -64, -65, -65, -80, -64, -64, -64, -64, -64, -78, -66, -66, -66, -66, -66, -66, -63, -63, -78, -66, -66, -66, -66, -66, -66, -66, -66, 0, 0, 0, 0, 0, 0, 0, -64, -64, -76, -76, -76, -76, -76, -76, -76, -76, 0, 0, 0, 0, 0, 0, 0, 0, 0, 0, 0, -66, -66, -66, -65, -65, -79, -79, -79, -79, -79, -79, -78, -78, -78, -78, -78, -78, -78, -78, 0, 0, 0, 0, 0, 0, 0, -77, -77, -77, -77, -77, -77, -77, -77, 0, -66, -66, -66, -81, -81, -81, -81, -81, -81, -81, -81, 0, 0, 0, 0, 0, 0, -80, -80, -80, -80, -80, -80, -80, 
00:25:84:23:19:af, 64, sMobileNet, 0, 0, 0, 0, 0, 0, 0, 0, 0, 0, 0, 0, 0, 0, 0, 0, 0, 0, 0, 0, 0, 0, -80, -80, -80, -80, -80, -80, -80, -80, 0, 0, 0, 0, 0, 0, 0, 0, 0, 0, 0, 0, 0, 0, 0, 0, 0, 0, 0, 0, 0, 0, 0, 0, 0, 0, 0, 0, 0, 0, 0, 0, 0, 0, 0, 0, 0, 0, 0, 0, 0, 0, 0, 0, 0, 0, 0, 0, 0, 0, 0, 0, 0, 0, 0, 0, -69, -69, -69, -69, -69, -69, -69, -69, 0, 0, 0, 0, 0, 0, 0, 0, 0, 0, 0, 0, 0, 0, 0, 0, 0, 0, 0, 0, 0, 0, 0, 0, 0, 0, 0, 0, 0, 0, 0, 0, 0, 0, 0, 0, 0, 0, 0, 0, 0, 0, 0, 0, 0, 0, 0, 0, 0, 0, 0, 0, 0, 0, 0, 0, 0, 0, 0, 0, 0, 0, 0, 0, 0, 0, 0, 0, -83, -83, -83, -83, -83, -83, -83, -83, 0, 0, 0, 0, 0, 0, -82, -82, -82, -83, -83, -83, -83, -83, -83, -83, -83, 0, 0, 0, 0, 0, 0, 0, 0, 0, -82, -80, -80, -80, 
00:23:eb:3a:0f:00, 1, sMobileNet, 0, 0, 0, 0, 0, 0, 0, 0, 0, 0, 0, 0, 0, 0, 0, 0, 0, 0, 0, 0, 0, 0, 0, 0, 0, 0, -61, -61, -61, -61, -61, -61, -61, -61, 0, -60, -60, -60, -60, -60, -60, -60, -60, 0, 0, 0, 0, 0, 0, 0, 0, 0, 0, 0, 0, 0, 0, 0, 0, 0, 0, 0, 0, 0, 0, 0, 0, 0, 0, 0, 0, 0, 0, 0, 0, 0, 0, 0, 0, 0, 0, 0, 0, 0, 0, 0, 0, -76, -76, -76, -76, -76, -76, -76, -76, 0, 0, 0, 0, 0, 0, 0, -76, -76, -76, -76, -76, -76, -76, -62, -62, -62, -62, -62, -62, -62, -62, 0, 0, 0, 0, 0, 0, 0, -77, -77, -77, -77, -77, -77, -77, -77, 0, -63, -63, -63, -62, -62, -62, -62, -62, -77, -77, -77, -77, -77, -77, -77, -77, 0, -75, -75, -75, -75, -75, -75, -75, -75, 0, 0, 0, 0, 0, 0, 0, 0, 0, 0, -62, -62, -62, -62, -62, -62, -62, -62, 0, 0, 0, 0, 0, 0, -77, -77, -77, -77, -77, -77, -77, -77, -77, -77, -77, -77, -77, -77, 0, 0, 0, 0, 
00:17:df:aa:9b:a1, 1, eduroam, 0, 0, 0, 0, 0, 0, 0, 0, 0, 0, 0, 0, 0, 0, 0, 0, 0, 0, 0, 0, 0, 0, 0, 0, 0, 0, 0, 0, 0, 0, 0, 0, 0, -65, -65, -65, -65, -65, -65, -65, -65, 0, 0, 0, 0, 0, 0, 0, 0, 0, 0, 0, 0, 0, 0, 0, 0, 0, 0, 0, 0, 0, 0, 0, 0, 0, 0, 0, 0, 0, 0, 0, 0, 0, 0, 0, 0, 0, 0, -79, -79, -79, -79, -79, -79, -63, -79, -79, -64, -64, -64, -64, -64, -64, -65, -65, -65, -65, -65, -65, -79, -79, -79, -79, -79, -79, -79, -79, 0, 0, 0, 0, 0, -65, -65, -65, -65, -65, -65, -65, -65, -78, -78, -78, -81, -81, -81, -80, -68, -68, -68, -68, -68, -68, -68, -68, 0, 0, 0, 0, 0, 0, 0, 0, 0, -79, -79, -79, -79, -79, -79, -82, -82, -82, -82, -82, -81, -81, -81, -81, -66, -66, -80, -80, -80, -80, -80, -80, -80, -80, 0, 0, 0, 0, 0, 0, 0, 0, 0, 0, 0, 0, 0, 0, 0, 0, 0, 0, 0, 0, 0, 0, 0, 0, 0, 0, 0, 0, 0, 0, 
00:25:84:23:17:bf, 64, sMobileNet, 0, 0, 0, 0, 0, 0, 0, 0, 0, 0, 0, 0, 0, 0, 0, 0, 0, 0, 0, 0, 0, 0, 0, 0, 0, 0, 0, 0, 0, 0, 0, 0, 0, 0, 0, 0, 0, 0, 0, 0, 0, 0, 0, 0, 0, -71, -71, -71, -71, -71, -71, -71, -71, 0, 0, 0, 0, 0, 0, 0, 0, 0, 0, 0, 0, 0, -83, -83, -83, -83, -83, -83, -83, -83, 0, 0, 0, 0, 0, 0, 0, 0, 0, 0, 0, 0, 0, 0, 0, 0, 0, 0, 0, 0, 0, 0, 0, 0, 0, 0, 0, 0, 0, 0, 0, -85, -85, -85, -85, -85, -85, -83, -83, -83, -83, -83, -83, -82, -82, -82, -82, -82, -82, -82, -82, 0, 0, 0, 0, 0, 0, 0, 0, 0, 0, 0, 0, 0, 0, 0, 0, 0, 0, 0, 0, 0, 0, 0, 0, 0, 0, 0, 0, 0, 0, 0, 0, 0, 0, -83, -83, -83, -83, -83, -81, -81, -81, -81, -81, -69, -69, -69, -69, -69, -69, -69, -69, 0, 0, 0, 0, 0, 0, 0, 0, 0, -83, -83, -83, -83, -83, -83, -83, -83, 0, 0, 0, 0, 0, 0, 
00:23:eb:0a:c2:c1, 11, Universitie, 0, 0, 0, 0, 0, 0, 0, 0, 0, 0, 0, 0, 0, 0, 0, 0, 0, 0, 0, 0, 0, 0, 0, 0, 0, 0, 0, 0, 0, 0, 0, 0, 0, 0, 0, 0, 0, 0, 0, 0, 0, 0, 0, 0, 0, 0, 0, 0, 0, 0, 0, 0, 0, 0, 0, 0, 0, 0, 0, 0, 0, 0, 0, 0, 0, 0, 0, 0, 0, 0, 0, 0, 0, 0, 0, 0, 0, 0, 0, 0, 0, 0, 0, 0, 0, 0, 0, 0, 0, 0, 0, 0, 0, 0, 0, 0, 0, 0, 0, 0, 0, 0, 0, 0, 0, 0, 0, 0, 0, 0, 0, 0, 0, 0, 0, 0, 0, 0, 0, 0, 0, 0, 0, 0, 0, 0, -78, -78, -78, -78, -78, -78, -78, -78, 0, 0, 0, 0, 0, 0, 0, 0, 0, 0, 0, 0, 0, 0, 0, 0, 0, 0, 0, 0, 0, 0, 0, 0, 0, 0, 0, 0, 0, 0, 0, 0, 0, 0, 0, 0, 0, 0, 0, 0, 0, 0, 0, 0, 0, 0, 0, 0, 0, 0, 0, 0, 0, 0, 0, 0, 0, 0, 0, 0, 0, 0, 0, 0, 0, 0, 
c8:d7:19:6a:04:cb, 4, wireless3, 0, 0, 0, 0, 0, 0, 0, 0, 0, 0, 0, 0, 0, 0, 0, 0, 0, 0, 0, 0, 0, 0, 0, 0, 0, 0, 0, 0, 0, 0, 0, 0, 0, 0, 0, 0, 0, 0, 0, 0, 0, 0, 0, 0, 0, 0, 0, 0, 0, 0, 0, 0, 0, 0, 0, 0, 0, 0, 0, 0, 0, 0, 0, 0, 0, 0, 0, 0, 0, 0, 0, 0, 0, 0, 0, 0, 0, 0, 0, 0, 0, 0, 0, 0, 0, 0, 0, 0, 0, 0, 0, 0, 0, 0, 0, 0, 0, 0, 0, 0, 0, 0, 0, 0, 0, 0, 0, 0, 0, 0, 0, 0, 0, 0, 0, 0, 0, 0, 0, 0, 0, 0, 0, 0, 0, 0, 0, 0, 0, 0, 0, 0, 0, 0, 0, 0, 0, 0, 0, 0, 0, 0, 0, 0, 0, 0, 0, -71, -71, -71, -71, -71, -71, -71, -71, 0, 0, 0, 0, 0, 0, 0, 0, 0, 0, 0, 0, 0, 0, 0, 0, 0, 0, 0, 0, 0, 0, 0, 0, 0, 0, 0, 0, 0, 0, 0, 0, 0, 0, 0, 0, 0, 0, 0, 0, 0, 0, 0, 0, 0, 
