ec:c8:82:7a:de:6f, 5320, sMobileNet, -49, -49, -49, -49, -49, -49, -49, -49, -49, -49, -49, -49, -49, -49, -49, -49, -49, -49, -49, -49, -49, -49, -49, -49, -49, -49, -49, -49, -49, -49, -49, -49, -49, -49, -49, -49, -49, -49, -49, -49, -49, -49, -49, -49, -49, -49, -49, -49, -49, -49, -49, -49, -49, -49, -49, -49, -49, -49, -49, -49, -49, -49, -49, -49, -49, -49, -49, -49, -49, -49, -49, -49, -49, -49, -49, -49, -49, -49, -49, -49, -49, -49, -49, -49, -49, -49, -49, -49, -49, -49, -49, -49, -49, -49, -49, -49, -49, -49, -49, -49, 
ec:c8:82:7a:de:6d, 5320, Universities WiFi, -64, -62, -65, -64, -62, -64, -64, -62, -64, -64, -63, -63, -66, -64, -64, -64, -63, -62, -63, -63, -62, -65, -64, -64, -66, -63, -67, -61, -59, -59, -67, -64, -65, -65, -66, -66, -66, -64, -60, -61, -61, -59, -60, -56, -62, -61, -64, -64, -63, -62, -63, -64, -65, -65, -65, -61, -63, -63, -63, -63, -63, -67, -60, -63, -64, -64, -62, -62, -65, -64, -60, -63, -57, -61, -65, -65, -66, -61, -62, -63, -67, -64, -64, -65, -64, -65, -65, -63, -63, -63, -63, -63, -63, -65, -65, -65, -65, -65, -64, -66, 
ec:c8:82:7a:de:6b, 5320, eduroam, -66, -63, -63, -65, -67, -66, -66, -63, -65, -64, -64, -65, -65, -64, -64, -66, -64, -64, -64, -65, -64, -66, -64, -64, -66, -69, -69, -64, -60, -65, -69, -65, -66, -66, -66, -66, -66, -65, -61, -62, -62, -60, -60, -57, -62, -62, -64, -64, -64, -64, -64, -64, -65, -65, -65, -61, -61, -61, -66, -63, -63, -66, -62, -62, -65, -64, -63, -65, -64, -65, -62, -65, -61, -61, -66, -66, -66, -61, -63, -63, -67, -65, -65, -65, -65, -66, -67, -64, -63, -62, -62, -63, -64, -64, -63, -65, -65, -65, -65, -66, 
ec:c8:82:7a:de:6a, 5320, Alumni, -63, -67, -67, -63, -67, -66, -64, -63, -64, -65, -65, -64, -66, -66, -67, -67, -68, -68, -64, -66, -64, -66, -64, -62, -66, -68, -69, -62, -61, -70, -66, -66, -66, -66, -68, -68, -68, -64, -61, -62, -65, -62, -67, -69, -65, -61, -63, -61, -62, -63, -65, -65, -65, -66, -66, -68, -65, -68, -65, -62, -63, -70, -64, -66, -66, -65, -66, -68, -66, -64, -62, -62, -58, -62, -66, -65, -68, -67, -67, -64, -65, -66, -66, -67, -68, -67, -67, -65, -61, -63, -63, -64, -64, -62, -65, -65, -65, -65, -66, -66, 
00:1d:70:92:dc:ba, 5240, Alumni, -56, -65, -64, -64, -64, -64, -63, -63, -63, -63, -65, -65, -64, -64, -64, -64, -64, -64, -64, -64, -65, -65, -64, -63, -63, -63, -63, -63, -63, -63, -63, -63, -63, -64, -64, -65, -65, -66, -65, -64, -62, -66, -66, -66, -66, -65, -64, -64, -64, -66, -65, -64, -62, -63, -65, -65, -65, -63, -63, -63, -63, -65, -65, -65, -65, -66, -64, -64, -64, -64, -63, -63, -63, -63, -64, -64, -64, -65, -64, -64, -64, -64, -63, -64, -64, -64, -64, -64, -64, -64, -64, -64, -65, -65, -65, -65, -65, -64, -64, 
00:1d:70:92:dc:bd, 5240, Universities WiFi, -56, -64, -64, -64, -64, -64, -63, -63, -64, -63, -65, -64, -64, -64, -64, -63, -63, -64, -63, -64, -64, -64, -64, -63, -63, -64, -64, -64, -65, -64, -62, -64, -64, -64, -64, -64, -64, -66, -65, -64, -62, -65, -66, -66, -66, -64, -64, -64, -64, -65, -65, -64, -63, -63, -65, -64, -63, -63, -63, -63, -64, -64, -64, -66, -65, -65, -64, -64, -64, -64, -64, -64, -64, -64, -64, -63, -63, -65, -65, -64, -64, -64, -64, -64, -64, -65, -64, -64, -64, -64, -64, -64, -64, -64, -64, -64, -64, -64, -64, 
00:1d:70:92:dc:bb, 5240, sMobileNet, -56, -64, -64, -65, -65, -65, -64, -64, -64, -64, -66, -65, -65, -65, -66, -64, -64, -64, -64, -64, -65, -64, -64, -64, -66, -65, -65, -65, -65, -65, -63, -65, -64, -65, -64, -64, -64, -65, -65, -65, -63, -66, -66, -66, -66, -65, -64, -65, -65, -65, -66, -65, -63, -64, -65, -65, -65, -65, -65, -64, -64, -65, -65, -66, -66, -66, -66, -64, -65, -65, -65, -65, -65, -65, -65, -64, -64, -65, -65, -65, -65, -65, -62, -65, -64, -66, -65, -65, -65, -65, -65, -65, -65, -65, -65, -65, -65, -65, -65, 
00:1d:70:92:dc:bc, 5240, eduroam, -58, -66, -66, -66, -63, -66, -66, -65, -65, -64, -65, -67, -67, -66, -66, -66, -65, -65, -66, -64, -66, -66, -66, -66, -65, -65, -66, -65, -65, -67, -66, -65, -66, -66, -66, -66, -66, -66, -68, -67, -66, -62, -66, -67, -65, -65, -64, -66, -63, -66, -67, -67, -66, -64, -65, -64, -66, -66, -65, -65, -65, -65, -66, -66, -67, -66, -67, -67, -66, -66, -66, -66, -66, -66, -66, -66, -66, -66, -67, -63, -66, -66, -66, -66, -66, -66, -65, -65, -66, -66, -66, -66, -67, -67, -67, -67, -66, -66, -66, -66, 
ec:c8:82:7a:e1:6b, 5805, eduroam, -68, -71, -70, -68, -68, -69, -69, -70, -69, -67, -70, -69, -69, -69, -69, -69, -70, -69, -66, -70, -70, -69, -71, -68, -67, -67, -68, -69, -69, -71, -72, -70, -68, -68, -70, -67, -71, -71, -71, -69, -70, -68, -66, -68, -68, -69, -66, -70, -70, -70, -69, -69, -67, -67, -68, -67, -70, -66, -69, -67, -70, -70, -68, -69, -69, -71, -69, -69, -69, -70, -68, -71, -70, -71, -68, -70, -70, -67, -71, -69, -69, -71, -72, -72, -68, -69, -68, -68, -67, -68, -69, -69, -71, -70, -70, -70, -73, -72, -68, -68, 
ec:c8:82:7a:e1:6a, 5805, Alumni, -69, -72, -70, -72, -69, -71, -70, -70, -69, -69, -71, -71, -71, -71, -69, -69, -71, -71, -68, -72, -72, -70, -72, -72, -69, -69, -69, -69, -69, -72, -72, -71, -74, -70, -71, -69, -72, -72, -71, -69, -71, -67, -67, -69, -69, -73, -72, -72, -69, -69, -69, -72, -72, -68, -68, -68, -68, -66, -70, -70, -73, -73, -73, -73, -71, -71, -70, -69, -70, -72, -73, -73, -73, -73, -69, -69, -72, -64, -64, -68, -70, -71, -71, -71, -69, -70, -69, -71, -68, -70, -69, -69, -71, -71, -73, -72, -73, -73, -71, -71, 
ec:c8:82:7a:e1:6d, 5805, Universities WiFi, -66, -71, -70, -70, -70, -69, -69, -69, -69, -69, -72, -69, -69, -69, -68, -68, -68, -68, -65, -71, -68, -68, -68, -69, -67, -68, -69, -69, -69, -71, -73, -71, -69, -67, -69, -67, -69, -70, -71, -69, -69, -69, -69, -66, -68, -70, -68, -72, -67, -70, -68, -70, -67, -67, -68, -67, -67, -66, -68, -66, -70, -69, -69, -69, -70, -70, -71, -67, -68, -70, -71, -70, -70, -70, -68, -68, -67, -63, -67, -68, -71, -70, -71, -71, -67, -70, -66, -67, -67, -69, -69, -69, -69, -70, -70, -70, -73, -71, -71, -71, 
ec:c8:82:7a:e1:6f, 5805, sMobileNet, -68, -68, -69, -69, -68, -72, -71, -71, -70, -71, -73, -69, -69, -69, -69, -72, -72, -70, -67, -70, -70, -72, -70, -66, -69, -69, -71, -71, -70, -74, -73, -72, -74, -71, -71, -68, -72, -71, -71, -67, -71, -67, -68, -68, -70, -71, -69, -69, -72, -68, -68, -71, -67, -68, -68, -67, -69, -69, -71, -69, -70, -70, -71, -71, -71, -71, -71, -73, -70, -72, -72, -73, -72, -72, -69, -70, -70, -70, -70, -70, -70, -73, -72, -72, -70, -70, -69, -70, -70, -70, -70, -70, -71, -71, -71, -71, -73, -73, -69, -69, 
00:19:be:00:05:b0, 2437, MtrecA8, -73, -75, -79, -78, -74, -77, -77, -77, -78, -78, -77, -77, -77, -81, -77, -79, -78, -77, -78, -78, -81, -77, -77, -77, -81, -82, -82, -78, -76, -80, -79, -82, -78, -82, -78, -81, -79, -81, -81, -77, -82, -82, -74, -78, -78, -74, -77, -81, -78, -78, -78, -78, -78, -78, -78, -76, -76, -76, -76, -80, -80, -80, -76, -80, -76, -80, -80, -80, -78, -77, -82, -80, -80, -81, -79, -82, -82, -80, -78, -79, -79, -75, -75, -75, -80, -80, -82, -81, -79, -82, -78, -81, -79, -78, -78, -78, -82, -82, -81, -76, 
00:23:04:c8:5c:cf, 5280, sMobileNet, -69, -67, -68, -70, -70, -70, -70, -70, -71, -71, -70, -70, -70, -71, -71, -70, -70, -69, -69, -69, -70, -70, -70, -71, -70, -71, -69, -71, -71, -70, -70, -68, -69, -72, -71, -70, -71, -71, -69, -70, -72, -72, -72, -72, -72, -70, -70, -71, -71, -71, -71, -73, -73, -73, -73, -74, -73, -73, -73, -70, -69, -73, -72, -72, -71, -72, -71, -71, -72, -70, -70, -70, -70, -70, -70, -70, -70, -70, -70, -71, -71, -72, -71, -71, -70, -70, -71, -73, -73, -69, -69, -70, -70, -71, -71, -71, -71, -72, -72, -72, 
34:bd:c8:db:a8:1d, 5805, Universities WiFi, -69, -75, -75, -78, -78, -78, -78, -78, -81, -81, -81, -81, -81, -80, -80, -80, -80, -80, -80, -80, -80, -78, -78, -77, -77, -77, -77, -77, -78, -78, -78, -78, -78, -77, -77, -79, -79, -79, -79, -79, -79, -80, -80, -80, -80, -80, -80, -78, -79, -77, -78, -79, -78, -77, -77, -77, -77, -77, -77, -77, -77, -80, -79, -79, -79, -79, -79, -78, 
34:bd:c8:db:a8:1c, 5805, eduroam, -70, -77, -77, -77, -77, -77, -77, -78, -78, -78, -78, -78, -78, -78, -78, -78, -78, -78, -77, -77, -80, -80, -80, -80, -80, -78, -78, -78, -78, -78, -79, -79, -79, -79, -79, -79, -80, -80, -80, -78, -78, -78, -78, -78, -78, -76, -76, -76, -76, -76, -78, -78, -80, -78, -78, -78, -78, -79, -79, -80, -80, -80, -80, -78, -78, -79, -78, -80, -80, -78, -77, -77, -77, -77, -77, -77, -79, -79, -79, -79, -79, -79, -78, -78, 
34:bd:c8:db:a8:1a, 5805, Alumni, -71, -79, -78, -78, -80, -80, -78, -78, -78, -78, -78, -78, -78, -78, -78, -78, -77, -77, -77, -77, -77, -79, -79, -79, -79, -79, -80, -80, -80, -80, -80, -80, -80, -80, -78, -78, -78, -78, -78, -78, -78, -78, -78, -78, -78, -78, -78, -78, -81, -78, -78, -78, -78, -79, -80, -80, -80, -80, -80, -80, -78, -79, -79, -80, -80, -78, -78, -78, -77, -77, -77, -77, -80, -79, -79, -79, -79, -79, -79, 
34:bd:c8:db:a8:1b, 5805, sMobileNet, -71, -78, -78, -79, -79, -79, -79, -79, -78, -78, -78, -78, -79, -79, -79, -79, -79, -79, -80, -80, -80, -80, -80, -78, -78, -78, -78, -78, -79, -79, -79, -79, -79, -80, -80, -80, -79, -78, -77, -77, -77, -77, -77, -78, -78, -78, -78, -78, -78, -78, -79, -79, -79, -79, -78, -78, -78, -78, -78, -78, -80, -80, -80, -78, -79, -79, -78, -77, -77, -77, -77, -77, -77, -77, -77, -79, -79, -79, -79, -79, -79, -79, 
30:37:a6:a5:3e:0a, 5765, Alumni, -79, -80, -80, -80, -80, -80, -80, -80, -80, -80, -80, -79, -79, -80, -81, -80, -80, -80, -79, -80, -80, -79, -81, -80, -81, -78, -78, -79, -78, -79, -80, -81, -79, -82, -78, -79, -80, -80, -81, -78, -80, -80, -78, -78, -78, -80, -80, -80, -80, -79, -79, -79, -80, -80, -80, -80, -80, -80, -79, -79, -80, -80, -80, -80, -80, -80, -80, -79, -79, -81, -81, -79, -80, -80, -80, -80, -80, -80, -80, -80, -80, -79, -80, -80, -80, -79, -80, -80, -80, -80, -79, -79, -79, -79, -80, -81, -81, -81, -80, -79, 
30:37:a6:a5:3e:0d, 5765, Universities WiFi, -79, -81, -81, -80, -81, -80, -80, -80, -80, -80, -80, -80, -80, -80, -80, -80, -80, -81, -80, -80, -80, -80, -82, -81, -81, -81, -81, -79, -79, -80, -80, -82, -79, -80, -80, -78, -78, -81, -81, -80, -78, -80, -79, -80, -78, -78, -80, -79, -79, -79, -80, -80, -80, -80, -82, -80, -80, -80, -80, -79, -79, -81, -79, -80, -80, -80, -80, -80, -80, -81, -81, -80, -81, -81, -81, -81, -80, -79, -80, -80, -80, -80, -80, -80, -80, -80, -80, -80, -80, -80, -80, -80, -80, -80, -80, -80, -80, -81, -81, -80, 
30:37:a6:a5:3e:0c, 5765, eduroam, -78, -79, -78, -79, -80, -80, -80, -80, -79, -79, -79, -79, -79, -79, -79, -79, -79, -80, -79, -79, -80, -79, -80, -79, -80, -78, -78, -78, -78, -78, -79, -80, -79, -80, -78, -79, -79, -79, -79, -78, -78, -81, -79, -79, -81, -79, -80, -80, -80, -79, -79, -79, -80, -79, -79, -79, -79, -79, -80, -80, -80, -81, -79, -79, -79, -80, -80, -78, -80, -81, -81, -79, -80, -79, -78, -78, -78, -79, -81, -81, -79, -79, -80, -80, -80, -80, -80, -80, -79, -80, -79, -79, -79, -79, -79, -79, -79, -79, -79, -79, 
30:37:a6:a5:3e:0b, 5765, sMobileNet, -78, -81, -80, -80, -80, -78, -79, -79, -79, -79, -79, -79, -79, -80, -80, -80, -80, -81, -80, -80, -80, -80, -80, -80, -81, -80, -80, -79, -79, -79, -79, -81, -78, -80, -79, -78, -79, -79, -79, -79, -80, -78, -78, -80, -80, -78, -79, -79, -79, -79, -79, -79, -80, -79, -81, -80, -80, -80, -79, -79, -80, -80, -79, -79, -79, -80, -79, -79, -79, -81, -79, -79, -81, -81, -81, -80, -79, -79, -80, -80, -80, -79, -80, -80, -79, -79, -79, -79, -79, -79, -81, -79, -79, -79, -79, -79, -79, -80, -80, -80, 
ec:c8:82:7a:de:6e, 5320, PCCW, -63, -64, -63, -62, -64, -68, -65, -64, -64, -66, -64, -66, -64, -64, -64, -64, -64, -62, -64, -64, -67, -67, -64, -63, -63, -63, -66, -62, -61, -62, -70, -66, -66, -66, -67, -64, -66, -66, -62, -63, -66, -68, -62, -63, -63, -63, -63, -66, -64, -64, -64, -64, -66, -65, -65, -62, -65, -64, -64, -64, -64, -64, -64, -68, -64, -66, -64, -63, -64, -64, -62, -63, -60, -62, -68, -65, -65, -62, -64, -65, -66, -66, -66, -66, -65, -66, -66, -66, -68, -64, -64, -64, -67, -66, -66, -66, -66, -66, -65, -67, 
ec:c8:82:7a:de:6c, 5320, Y5ZONE, -62, -65, -65, -62, -66, -64, -63, -62, -63, -64, -64, -62, -67, -65, -66, -70, -66, -66, -64, -65, -64, -68, -64, -62, -65, -63, -67, -62, -63, -64, -62, -64, -66, -66, -69, -68, -67, -62, -59, -62, -65, -63, -63, -66, -66, -64, -65, -65, -61, -64, -65, -67, -69, -65, -65, -67, -67, -67, -66, -64, -64, -66, -64, -68, -65, -64, -64, -70, -67, -61, -59, -59, -57, -59, -66, -65, -68, -68, -68, -67, -65, -65, -67, -67, -69, -69, -69, -65, -61, -62, -63, -64, -64, -61, -63, -63, -66, -66, -67, -67, 
ec:c8:82:7a:de:61, 2437, PCCW, -62, -59, -60, -64, -62, -62, -62, -62, -62, -62, -62, -61, -61, -61, -61, -62, -63, -61, -63, -62, -62, -62, -62, -65, -65, -65, -61, -62, -62, -61, -61, -62, -62, -64, -63, -63, -63, -63, -60, -64, -61, -64, -61, -61, -61, -61, -62, -62, -61, -61, -63, -62, -62, -63, -63, -62, -66, -66, -63, -66, -63, -63, -60, -62, -62, -62, -62, -60, -61, -61, -65, -64, -63, -64, -65, -63, -63, -63, -67, -63, -64, -67, -67, -67, -66, -64, -66, -65, -65, -65, -65, -61, -61, -62, -61, -61, -61, -61, -64, -64, 
ec:c8:82:7a:de:63, 2437, Y5ZONE, -62, -59, -60, -64, -61, -62, -65, -63, -61, -61, -61, -61, -61, -61, -61, -62, -62, -62, -62, -62, -62, -62, -62, -64, -66, -65, -61, -63, -63, -62, -61, -62, -62, -66, -63, -63, -63, -63, -60, -66, -62, -65, -64, -62, -62, -62, -62, -62, -61, -61, -63, -62, -62, -64, -64, -63, -68, -68, -64, -67, -64, -63, -59, -63, -61, -62, -62, -61, -61, -62, -66, -65, -64, -63, -65, -65, -64, -65, -68, -64, -65, -68, -67, -67, -67, -63, -68, -67, -66, -66, -66, -62, -62, -62, -61, -61, -61, -61, -65, -65, 
00:1d:70:92:dc:bf, 5240, Y5ZONE, -69, -67, -63, -63, -64, -64, -64, -62, -63, -62, -62, -66, -65, -64, -64, -64, -64, -64, -64, -63, -63, -66, -64, -64, -61, -63, -62, -63, -63, -63, -63, -63, -63, -63, -65, -64, -64, -64, -66, -64, -64, -61, -65, -65, -65, -65, -64, -64, -64, -64, -66, -65, -64, -64, -64, -65, -64, -64, -63, -63, -63, -63, -64, -65, -64, -63, -65, -64, -63, -64, -64, -64, -64, -63, -63, -63, -63, -63, -63, -63, -63, -64, -64, -64, -64, -62, -65, -65, -64, -64, -64, -64, -64, -64, -64, -64, -64, -64, -63, -63, 
00:1d:70:92:dc:be, 5240, PCCW, -68, -67, -64, -64, -64, -64, -64, -62, -63, -61, -63, -65, -64, -64, -64, -64, -63, -64, -64, -63, -64, -65, -65, -64, -62, -63, -63, -63, -63, -64, -64, -63, -63, -63, -64, -64, -64, -64, -66, -64, -64, -62, -66, -66, -66, -66, -64, -64, -64, -64, -65, -65, -64, -62, -63, -64, -64, -64, -63, -63, -63, -63, -64, -64, -64, -64, -65, -64, -64, -64, -64, -63, -63, -63, -63, -63, -63, -63, -64, -64, -64, -64, -64, -64, -64, -63, -65, -64, -64, -64, -64, -64, -64, -64, -64, -64, -64, -64, -64, -64, 
ec:c8:82:7a:e1:6c, 5805, Y5ZONE, -67, -71, -69, -71, -67, -68, -69, -69, -68, -68, -72, -72, -69, -69, -67, -67, -71, -70, -66, -73, -73, -70, -73, -73, -67, -67, -70, -69, -68, -71, -72, -69, -71, -68, -69, -69, -71, -71, -71, -69, -72, -65, -65, -65, -69, -69, -69, -72, -71, -71, -68, -69, -68, -68, -68, -65, -69, -66, -70, -69, -70, -68, -67, -66, -68, -68, -69, -69, -69, -70, -69, -70, -70, -70, -66, -66, -71, -62, -62, -66, -67, -71, -71, -70, -67, -68, -68, -70, -66, -68, -68, -68, -70, -69, -69, -69, -73, -71, -69, -69, 
ec:c8:82:7a:e1:6e, 5805, PCCW, -69, -73, -71, -71, -71, -71, -69, -69, -71, -70, -74, -72, -72, -69, -70, -67, -69, -70, -67, -71, -71, -69, -71, -71, -67, -70, -69, -69, -71, -73, -75, -71, -71, -69, -69, -69, -71, -70, -72, -69, -70, -69, -67, -69, -69, -69, -70, -70, -69, -69, -68, -70, -70, -68, -68, -66, -69, -70, -70, -70, -70, -68, -67, -69, -70, -71, -70, -71, -70, -72, -72, -72, -72, -71, -67, -69, -69, -66, -66, -70, -72, -72, -72, -72, -70, -72, -70, -71, -69, -69, -69, -69, -72, -70, -70, -71, -75, -72, -69, -71, 
00:1d:70:92:dc:b0, 2462, Y5ZONE, -59, -69, -69, -69, -69, -69, -69, -69, -69, -69, -69, -69, -67, -67, -67, -68, -68, -66, -67, -67, -67, -67, -67, -67, -67, -69, -66, -66, -66, -70, -67, -67, -67, -69, -69, -69, -69, -69, -68, -69, -69, -69, -71, -66, -66, -66, -66, -65, -65, -65, -66, -65, -65, -66, -66, -66, -68, -68, -67, -67, -67, -65, -65, -66, -70, -70, -67, -67, -67, -67, -67, -67, -67, -67, -67, -67, -68, -67, -67, -67, -67, -67, -67, -66, -66, -66, -65, -65, -66, -66, -66, -68, -68, -68, -67, -67, -67, -67, -67, -67, 
00:1d:70:92:dc:b1, 2462, PCCW, -68, -69, -68, -68, -68, -68, -68, -68, -69, -66, -67, -67, -67, -67, -67, -67, -67, -67, -68, -67, -66, -66, -68, -66, -66, -66, -66, -73, -66, -67, -67, -67, -68, -70, -69, -69, -69, -69, -66, -69, -66, -66, -71, -67, -67, -67, -67, -67, -67, -67, -67, -67, -67, -67, -67, -67, -68, -68, -68, -66, -69, -65, -66, -66, -67, -67, -67, -67, -67, -67, -67, -67, -67, -67, -67, -67, -68, -68, -68, -69, -67, -67, -67, -65, -65, -67, -66, -67, -68, -68, -68, -67, -67, -67, -67, -67, -67, -67, -67, -67, 
30:37:a6:a5:3e:01, 2412, PCCW, -76, -82, -82, -83, -83, -83, -83, -83, -84, -82, -82, -82, -84, -84, -84, -84, -84, -81, -81, -81, -81, -81, -83, -83, -83, -83, -83, 
ec:c8:82:7a:e1:61, 2412, PCCW, -63, -61, -60, -65, -65, -66, -66, -65, -65, -65, -66, -66, -67, -67, -66, -65, -68, -68, -64, -64, -64, -65, -68, -68, -68, -68, -66, -65, -66, -66, -65, -65, -63, -65, -67, -67, -65, -69, -69, -65, -66, -66, -67, -66, -64, -65, -65, -65, -65, -65, -65, -65, -66, -65, -66, -68, -67, -66, -66, -66, -64, -70, -66, -65, -65, -66, -65, -65, -65, -65, -65, -65, -67, -63, -64, -64, -69, -69, -65, -64, -67, -65, -65, -65, -65, -65, -65, -65, -65, -65, -66, -65, -65, -65, -65, -65, -65, -65, -65, -66, 
34:bd:c8:db:a8:1f, 5805, Y5ZONE, -69, -76, -76, -76, -76, -76, -78, -75, -75, -75, -75, -75, -76, -76, -76, -76, -76, -79, -77, -77, -80, -78, -78, -78, -78, -78, -79, -77, -77, -77, -78, -78, -78, -77, -77, -77, -77, -77, -77, -79, -78, -78, -78, -78, -78, -78, 
ec:c8:82:7a:e1:63, 2412, Y5ZONE, -63, -63, -60, -65, -69, -69, -69, -68, -67, -69, -68, -66, -66, -68, -68, -69, -69, -68, -65, -66, -67, -68, -68, -66, -70, -64, -64, -64, -67, -68, -66, -65, -65, -65, -67, -66, -65, -69, -69, -65, -68, -67, -68, -68, -67, -67, -68, -69, -67, -68, -66, -66, -66, -66, -66, -68, -67, -67, -67, -69, -65, -69, -65, -66, -65, -67, -65, -69, -66, -66, -66, -68, -68, -68, -67, -67, -69, -69, -65, -67, -67, -67, -68, -68, -68, -68, -69, -69, -69, -69, -67, -66, -66, -68, -66, -66, -67, -65, -65, -67, 
34:bd:c8:db:a8:1e, 5805, PCCW, -71, -81, -81, -81, -79, -79, -78, -78, -78, -78, -78, -79, -79, -79, -79, -79, -79, -79, -79, -79, -78, -78, -78, -79, -79, -78, -78, -78, -78, -78, -78, -78, -79, -80, -80, -80, -80, -79, -78, -78, 
30:37:a6:a5:3e:0e, 5765, PCCW, -79, -81, -79, -79, -79, -79, -80, -80, -80, -80, -80, -79, -79, -79, -79, -81, -80, -80, -80, -80, -80, -80, -80, -80, -80, -80, -80, -79, -79, -79, -79, -79, -78, -80, -80, -79, -78, -79, -79, -79, -78, -81, -78, -81, -78, -80, -80, -80, -80, -80, -80, -79, -79, -79, -80, -80, -80, -80, -80, -79, -79, -80, -80, -80, -80, -80, -79, -79, -79, -79, -79, -79, -79, -80, -80, -80, -80, -81, -81, -81, -81, -81, -81, -80, -80, -80, -80, -80, -79, -79, -79, -79, -79, -79, -79, -80, -80, -80, -80, -80, 
ec:c8:82:7a:df:63, 2412, Y5ZONE, -66, -64, -62, -61, -61, -60, -60, -59, -59, -63, -60, -60, -60, -60, -59, -59, -63, -63, -59, -62, -62, -65, -65, -64, -63, -63, -67, -65, -66, -70, -71, -70, -70, -70, -70, -71, -72, -70, -66, -65, -61, -61, -59, -59, -58, -62, -59, -59, -64, -64, -60, -59, -59, -59, -59, -59, -59, -59, -60, -59, -57, -60, -59, -59, -58, -58, -59, -63, -63, -64, -65, -68, -68, -67, -65, -66, -62, -59, -60, -59, -59, -63, -63, -63, -63, -64, -64, -64, -64, -64, -64, -64, -64, -64, -65, -65, -60, -58, -60, -58, 
30:37:a6:a5:3e:0f, 5765, Y5ZONE, -79, -81, -80, -80, -79, -79, -79, -80, -80, -80, -80, -80, -80, -80, -80, -80, -80, -82, -79, -79, -79, -79, -80, -80, -82, -79, -79, -79, -78, -78, -79, -80, -79, -81, -79, -79, -79, -80, -80, -79, -79, -79, -79, -79, -79, -79, -79, -78, -80, -80, -80, -79, -79, -79, -81, -80, -80, -80, -80, -79, -80, -80, -80, -80, -79, -79, -79, -79, -80, -80, -80, -80, -81, -81, -81, -80, -80, -81, -81, -81, -81, -78, -80, -80, -79, -80, -80, -80, -80, -80, -80, -80, -80, -79, -79, -80, -80, -80, -80, -79, 
ec:c8:82:7a:df:61, 2412, PCCW, -65, -65, -61, -61, -59, -59, -59, -59, -60, -61, -61, -61, -61, -59, -59, -59, -62, -62, -60, -61, -62, -63, -63, -62, -60, -62, -63, -63, -66, -68, -70, -71, -71, -67, -67, -71, -71, -68, -66, -66, -62, -62, -60, -60, -59, -60, -59, -59, -61, -63, -60, -59, -59, -59, -59, -59, -59, -59, -59, -59, -58, -60, -60, -60, -57, -58, -58, -62, -62, -63, -62, -66, -66, -66, -63, -65, -60, -60, -60, -60, -60, -62, -62, -64, -62, -62, -62, -62, -62, -62, -62, -62, -62, -62, -62, -62, -60, -59, -59, -59, 
ec:c8:82:7a:dc:53, 2462, Y5ZONE, -67, -69, -69, -69, -69, -68, -69, -68, -70, -69, -69, -68, -69, -69, -68, -68, -68, -68, -68, -68, -67, -68, -69, -71, -72, -72, -70, -69, -70, -70, -72, -72, -72, -71, -71, -73, -73, -72, -71, -70, -71, -71, -69, -69, -69, -69, -69, -69, -69, -70, -69, -69, -69, -69, -68, -70, -68, -69, -69, -71, -67, -71, -71, -71, -71, -68, -67, -68, -68, -68, -69, -69, -70, -71, -69, -69, -69, -69, -67, -68, -68, -68, -68, -68, -68, -68, -68, -68, -69, -69, -69, -69, -69, -71, -71, -71, -69, -69, -69, -69, 
ec:c8:82:7a:3f:d3, 2462, Y5ZONE, -74, -73, -69, -69, -68, -68, -68, -68, -68, -67, -67, -67, -66, -66, -66, -67, -67, -67, -70, -69, -69, -69, -69, -68, -68, -69, -69, -69, -67, -70, -68, -68, -68, -72, -72, -70, -68, -67, -68, -68, -68, -68, -64, -64, -64, -67, -69, -69, -68, -65, -65, -66, -65, -67, -66, -69, -69, -65, -65, -65, -65, -65, -64, -64, -65, -66, -65, -69, -67, -65, -65, -65, -66, -67, -69, -69, -69, -68, -68, -68, -68, -68, -68, -72, -68, -68, -69, -65, -65, -64, -64, -69, -71, -71, -71, -66, -67, -66, -66, -67, 
ec:c8:82:7a:3f:d1, 2462, PCCW, -71, -73, -69, -68, -68, -68, -69, -68, -68, -65, -65, -65, -65, -65, -64, -65, -66, -69, -68, -68, -68, -68, -68, -68, -66, -69, -69, -68, -66, -68, -65, -68, -68, -70, -70, -69, -67, -65, -66, -67, -68, -68, -64, -64, -64, -66, -68, -68, -68, -64, -64, -64, -63, -65, -65, -69, -68, -64, -64, -64, -64, -64, -63, -63, -65, -65, -63, -68, -65, -63, -64, -64, -64, -66, -70, -69, -69, -67, -68, -68, -68, -66, -70, -73, -68, -68, -69, -65, -65, -63, -63, -70, -70, -70, -70, -66, -66, -64, -64, -64, 
ec:c8:82:7a:dc:51, 2462, PCCW, -67, -69, -68, -68, -68, -68, -68, -68, -68, -68, -68, -67, -68, -68, -67, -67, -67, -67, -67, -68, -67, -67, -69, -69, -73, -73, -70, -70, -70, -70, -70, -68, -69, -69, -71, -70, -70, -70, -70, -70, -70, -70, -70, -70, -68, -67, -67, -68, -68, -68, -68, -68, -68, -72, -68, -68, -68, -68, -68, -69, -67, -70, -70, -70, -70, -68, -67, -67, -67, -68, -69, -69, -69, -70, -69, -69, -69, -68, -66, -67, -71, -68, -68, -68, -68, -68, -68, -68, -69, -69, -69, -69, -69, -69, -69, -69, -68, -68, -68, -68, 
34:bd:c8:db:a8:11, 2412, PCCW, -79, -78, -78, -78, -79, -79, -78, -78, -78, -78, -78, -81, -81, -81, -81, -81, -78, -78, -78, -78, -79, -79, -79, -79, -77, -77, -81, -81, -81, -81, -81, -81, -81, -81, -81, -81, -81, -80, -80, -80, -80, -80, -82, -82, -79, -79, -79, -79, -79, -79, -79, -79, -79, -79, -77, -77, -77, -77, -77, -77, -77, -77, -77, -77, -77, -77, -77, -77, -77, -77, -77, -77, -79, -79, -79, -79, -79, 
7c:e9:d3:7f:0c:9f, 2437, HP-Print-9F-LaserJet 1025, -87, -87, -86, -87, -84, -87, -86, -88, -88, -88, -88, -87, -87, -87, -85, -86, -88, -88, -89, -89, -85, -88, -88, -89, -89, -89, -89, -89, -89, -89, -89, -89, -87, -87, -86, -85, -87, -87, -87, -89, -88, -89, -88, -86, -86, -86, -87, -87, -87, -85, -87, -87, -87, -87, -87, -87, -87, -87, -87, -87, -87, -85, -85, -87, -86, -87, -87, -87, -87, -87, -86, -86, -86, -89, -89, -88, -86, -86, -86, -88, -88, -87, -83, -83, -86, -86, -87, -86, -89, -88, -88, -86, -88, -88, -88, -88, -88, -87, 
ec:c8:82:7a:de:60, 2437, sMobileNet, -37, -59, -59, -59, -60, -60, -60, -62, -62, -62, -62, -62, -62, -62, -62, -63, -63, -63, -63, -63, -63, -64, -64, -64, -61, -63, -63, -63, -63, -63, -62, -62, -62, -62, -62, -64, -64, -64, -61, -61, -61, -61, -61, -61, -61, -62, -62, -62, -62, -62, -67, -67, -67, -65, -65, -65, -64, -64, -62, -62, -61, -62, -62, -65, -65, -64, -64, -64, -64, -64, -64, -64, -64, -64, -64, -64, -64, -64, -64, -64, -61, -61, -61, -61, -64, -64, 
90:72:40:16:f6:36, 2462, PAO, -81, -85, -85, -83, -83, -83, -83, -83, -89, -89, -89, -87, -87, -87, -87, -87, -87, -87, -87, -87, -88, -88, -81, -81, -83, -83, -83, -85, -85, -85, -86, -86, -86, -88, -88, -88, -88, -89, -86, -86, -86, -86, -84, -84, -84, -84, -84, -87, -87, -87, -87, -87, -87, -88, -85, -88, -88, -87, -87, -87, -87, -87, -87, -87, -87, -87, -88, -88, -88, -88, -88, -90, -90, -85, -87, -87, -87, -87, -87, -87, -87, -87, -87, -87, -87, -87, -87, -87, -87, -88, -88, -88, 
ec:c8:82:7a:dc:5d, 5765, Universities WiFi, -72, -73, -73, -78, -77, -73, -76, -76, -75, -75, -75, -75, -75, -75, -75, -77, -81, -76, -72, -75, -73, -77, -75, -74, -71, -75, -72, -75, -75, -75, -76, -75, -78, -78, -78, -79, -77, -79, -79, -79, -78, -78, -77, -75, -75, -75, -77, -77, -76, -76, -77, -77, -74, -76, -75, -76, -76, -76, -78, -80, -76, -78, -76, -77, -78, -77, -77, -77, -75, -76, -76, -74, -75, -75, -76, -76, -76, -73, -77, -75, -75, -76, -76, -77, -74, -74, -75, -75, -76, -76, -76, -75, -76, -75, -76, -75, -75, -75, -76, -73, 
ec:c8:82:7a:dc:5f, 5765, sMobileNet, -75, -77, -74, -80, -76, -76, -76, -77, -75, -74, -76, -75, -75, -76, -76, -77, -75, -76, -73, -73, -73, -78, -74, -76, -76, -78, -76, -75, -73, -73, -75, -75, -77, -77, -77, -77, -81, -78, -78, -79, -78, -78, -74, -75, -76, -78, -78, -78, -75, -75, -77, -78, -76, -76, -76, -80, -77, -77, -79, -77, -75, -78, -77, -77, -77, -75, -79, -81, -76, -75, -75, -74, -74, -74, -74, -75, -75, -74, -75, -75, -77, -76, -76, -76, -75, -74, -75, -75, -75, -75, -75, -75, -75, -75, -75, -74, -74, -74, -76, -76, 
00:23:eb:3a:13:50, 2437, sMobileNet, -68, -68, -68, -68, -68, -71, -71, -71, -71, -71, -72, -72, -72, -72, -72, -76, -76, -76, -76, -76, -76, -76, -72, -72, -72, -72, -72, -72, -72, -72, -72, -72, -72, -72, -74, -74, -74, -74, -72, -72, -72, -72, -72, -72, -72, -72, -72, -72, -72, -72, -72, -72, -72, -72, -72, -72, -72, -72, -72, -72, 
34:bd:c8:db:a8:15, 2412, Alumni, -79, -78, -78, -78, -78, -78, -77, -77, -77, -77, -80, -80, -80, -80, -80, -78, -78, -78, -78, -78, -81, -81, -81, -81, -81, -77, -77, -77, -77, -77, -77, 
28:93:fe:f4:b1:0b, 5745, sMobileNet, -83, -81, -81, -81, -81, -81, -82, -82, -81, -81, -82, -82, -82, -83, -83, -83, -83, -83, -83, -83, -81, -81, -81, -82, -82, -82, -83, -82, -82, -82, -82, -82, -83, -83, -83, -83, 
34:bd:c8:db:a8:14, 2412, sMobileNet, -77, -80, -80, -80, -80, -80, -80, -80, -80, -80, -80, -80, -80, -82, -82, -82, -82, -82, -80, -80, -80, -80, -80, -76, -76, -76, -77, -77, -77, -77, -77, 
28:93:fe:f4:b1:0e, 5825, PCCW, -79, -79, -79, -79, -79, -79, -79, -81, -81, -80, -80, -80, -80, -79, -79, -79, -79, -80, -80, -80, -80, -80, -80, -83, -80, -80, -79, -79, -79, -79, -79, -80, -80, -80, -80, -80, -80, -79, -79, -79, -79, -81, -80, -80, -80, -80, -80, -80, -80, -80, -80, -80, -81, -81, -81, -81, -81, -81, -80, -80, -80, -80, -80, -80, -80, -80, 
28:93:fe:f4:b1:0d, 5825, Universities WiFi, -79, -79, -79, -79, -79, -79, -79, -80, -80, -79, -79, -80, -81, -79, -79, -79, -79, -80, -82, -81, -81, -81, -81, -81, -80, -81, -79, -79, -80, -80, -80, -80, -81, -81, -81, -81, -80, -80, -80, -80, -79, -80, -80, -80, -80, -80, -81, -80, -80, -80, -80, -81, -80, -80, -80, -80, -81, -80, -80, -80, -81, -80, -80, -80, -80, -80, -80, -80, -80, -80, -80, -80, -80, -81, -81, -81, -81, -81, -81, -81, -81, -81, -81, -81, -80, -80, -80, -80, -80, -80, -79, -79, -79, -79, 
ec:c8:82:7a:dc:5e, 5765, PCCW, -72, -74, -76, -80, -77, -77, -76, -76, -76, -76, -76, -76, -76, -76, -79, -79, -78, -74, -74, -73, -73, -78, -76, -73, -70, -75, -75, -76, -75, -75, -77, -73, -77, -77, -77, -77, -78, -81, -79, -79, -79, -74, -76, -75, -77, -78, -78, -79, -76, -77, -77, -79, -76, -78, -74, -74, -77, -76, -80, -79, -75, -77, -77, -78, -80, -79, -79, -78, -78, -79, -76, -72, -75, -75, -75, -75, -75, -75, -75, -76, -76, -76, -77, -77, -77, -74, -75, -75, -75, -76, -76, -76, -76, -76, -76, -75, -75, -75, -77, -73, 
00:25:84:22:d6:c0, 2412, sMobileNet, -74, -71, -71, -71, -71, -71, -71, -71, -71, -71, -71, -71, -71, -71, -71, -71, -74, -74, -74, -74, -74, -72, -72, -74, -74, -75, -75, -75, -75, -75, -76, -76, -76, -72, -72, -72, -72, -72, -74, -74, -74, -74, -74, -74, -75, -75, -75, -75, -75, -73, -73, -74, -74, -71, -71, -71, -71, -71, -71, -71, -71, -71, -72, -72, -72, -72, -72, -71, -71, -71, -71, -74, -74, -74, -74, -74, -74, -71, -71, -73, -73, -73, -73, -75, -75, -75, -75, -75, -72, -74, -74, -71, -71, -71, -71, 
34:bd:c8:db:a8:10, 2412, Y5ZONE, -78, -80, -80, -80, -80, -80, -83, -83, -83, -83, -83, -81, -77, -77, -77, -77, -78, -78, -78, -78, -76, -76, -76, -76, -76, -80, -80, -80, -80, -80, -80, -80, -80, -80, -80, -78, -78, -78, -76, -76, -76, -79, -79, -79, -79, -78, -78, -78, -78, -78, -76, -76, -76, -76, -76, -76, 
ec:c8:82:7a:de:64, 2437, eduroam, -38, -64, -64, -64, -63, -63, -63, -62, -62, -62, -60, -60, -60, -60, -60, -65, -65, -65, -61, -61, -61, -61, -61, -61, -63, -63, -63, -63, -63, -64, -64, -64, -64, -63, -63, -63, -63, -63, -63, -63, -63, -63, -63, -63, -65, -65, -65, -65, -65, -65, -64, -64, -64, -63, -63, -63, -67, -67, -65, -65, -65, -65, -66, -65, -65, -65, -65, -68, -68, -68, -68, -68, -64, -64, -64, -64, -64, -65, -65, 
00:25:84:22:f5:80, 2412, sMobileNet, -78, -78, -78, -78, -78, -78, -77, -77, -77, -77, -77, -82, -82, -82, -82, -82, -82, -82, -82, -82, -82, -75, -77, -80, -77, -77, -77, -77, -77, -77, -77, -77, -77, -75, -75, -75, -75, -75, -77, -77, -77, -77, -76, -76, -76, -76, -76, -78, -78, -78, -78, -78, -78, -78, -78, -78, -78, -78, -78, -76, -76, -77, -77, -77, -76, 
ec:c8:82:7a:de:65, 2437, Alumni, -62, -59, -59, -59, -59, -62, -62, -64, -64, -64, -64, -64, -64, -64, -64, -64, -64, -68, -68, -66, -66, -66, -66, -66, -66, -63, -64, -65, -65, -65, -64, -63, -63, -63, -63, -63, -63, -63, -63, -61, -61, -61, -61, -61, -62, -62, -61, -63, -63, -63, -63, -63, -68, -64, -65, -65, -65, -61, -61, -61, -61, -61, -66, -66, -66, -66, -66, -65, -65, -65, -65, -65, -65, -65, -66, -66, -66, -66, -62, -62, -62, -62, -62, 
30:37:a6:a5:3e:00, 2412, Y5ZONE, -75, -84, -84, -84, -84, -84, -84, -84, -84, -84, 
30:37:a6:a5:3e:05, 2412, Alumni, -73, 
00:1d:70:92:dc:b4, 2462, sMobileNet, -60, -68, -68, -68, -68, -68, -68, -68, -69, -68, -68, -68, -68, -68, -68, -67, -67, -67, -67, -67, -67, -67, -67, -67, -67, -68, -68, -68, -68, -68, -67, -67, -67, -67, -67, -67, -65, -65, -65, -68, -68, -68, -68, -68, -69, -69, -69, -69, -69, -68, -68, -68, -66, -66, -66, -66, -66, -66, -66, 
00:25:84:22:f1:a0, 2437, sMobileNet, -79, 
ec:c8:82:7a:e4:73, 2412, Y5ZONE, -85, -81, -81, -81, -81, -81, -81, -81, -81, -81, -81, -78, -78, -78, -78, -78, -81, -81, -81, -81, -81, -81, -81, -81, -81, -81, 
ec:c8:82:7a:3f:dd, 5240, Universities WiFi, -66, -65, -65, -59, -59, -59, -59, -61, -60, -59, -59, -59, -60, -59, -59, -58, -60, -63, -62, -62, -63, -63, -63, -62, -62, -63, -64, -64, -65, -65, -64, -63, -63, -64, -63, -63, -64, -64, -61, -61, -61, -59, -59, -59, -59, -60, -59, -59, -59, -59, -59, -58, -60, -61, -61, -61, -63, -61, -60, -59, -62, -60, -58, -58, -60, -59, -58, -62, -65, -65, -61, -60, -60, -57, -60, -63, -60, -59, -63, -64, -63, -61, -61, -62, -65, -64, -64, -62, -64, -61, -59, -60, -63, -61, -61, -61, -61, -61, -62, -62, 
ec:c8:82:7a:df:6d, 5180, Universities WiFi, -67, -61, -65, -65, -66, -65, -66, -67, -67, -67, -67, -67, -67, -67, -67, -67, -67, -67, -67, -68, -68, -68, -68, -68, -64, -66, -66, -68, -68, -68, -68, -70, -72, -72, -72, -70, -70, -70, -70, -70, -67, -67, -67, -69, -69, -69, -69, -67, -67, -67, -67, -67, -67, -67, -67, -67, -67, -67, -65, -65, -65, -67, -67, -67, -67, -67, -66, -66, -66, -66, -68, -67, -67, -67, -67, -67, -67, -67, -67, -67, -67, -67, -67, -67, -67, -68, -68, -68, -68, -68, -67, -67, -66, -66, -67, 
ec:c8:82:7a:df:6f, 5180, sMobileNet, -68, -63, -66, -66, -66, -68, -68, -68, -68, -67, -67, -67, -67, -67, -67, -67, -69, -69, -69, -69, -69, -64, -66, -66, -66, -70, -70, -70, -70, -70, -70, -70, -70, -66, -66, -67, -67, -67, -67, -67, -67, -67, -67, -69, -68, -68, -68, -67, -67, -67, -67, -67, -67, -67, -67, -67, -66, -66, -66, -66, -68, -68, -68, -68, -68, -68, -69, -69, -67, -67, -67, -67, -67, -67, -67, -68, -67, -67, -67, -67, -67, -67, -67, -67, -67, -67, -67, 
ec:c8:82:7a:df:6b, 5180, eduroam, -68, -62, -66, -66, -66, -67, -67, -67, -67, -67, -67, -67, -67, -70, -66, -66, -66, -66, -66, -66, -66, -66, -69, -69, -69, -69, -69, -69, -70, -70, -70, -70, -70, -69, -69, -69, -66, -66, -69, -69, -67, -67, -67, -67, -67, -67, -68, -68, -68, -69, -67, -67, -67, -67, -67, -67, -67, -67, -67, -67, -67, -67, -69, -69, -69, -69, -68, -68, -67, -67, -67, -66, -66, -68, -68, -68, -67, -67, -67, -67, -66, -66, -65, -65, -66, -66, -66, 
ec:c8:82:7a:dc:54, 2462, eduroam, -69, -69, -69, -69, -69, -71, -71, -71, -71, -71, -71, -71, -71, -69, -69, -69, -69, -69, -72, -72, -72, -72, -72, -72, -72, -72, -72, -71, -71, -71, -71, -71, -71, -70, -70, -70, -70, -71, -71, -71, -71, -71, -71, -71, -70, -70, -70, -70, -71, -71, -71, -71, -69, -69, -69, -69, -69, -72, -70, -70, -70, -70, -71, -71, -71, -71, -71, -71, -72, -72, -72, -72, -70, 
34:bd:c8:8c:fd:3c, 5320, eduroam, -75, -75, -75, -75, -75, 
ec:c8:82:7a:dc:5b, 5765, eduroam, -75, -75, -73, -73, -75, -73, -77, -78, -77, -75, -76, -76, -76, -75, -74, -76, -78, -76, -72, -74, -74, -78, -75, -75, -71, -76, -76, -74, -74, -74, -77, -75, -77, -77, -77, -77, -78, -78, -78, -78, -78, -79, -74, -72, -76, -78, -78, -78, -76, -76, -76, -76, -74, -75, -74, -77, -75, -75, -75, -78, -75, -77, -74, -74, -74, -74, -78, -77, -75, -76, -76, -73, -74, -75, -77, -77, -76, -75, -76, -78, -75, -77, -76, -77, -75, -75, -76, -76, -76, -77, -77, -76, -76, -76, -76, -76, -76, -75, -77, -76, 
ec:c8:82:7a:dc:5a, 5765, Alumni, -75, -75, -75, -79, -77, -77, -77, -77, -77, -76, -77, -77, -77, -76, -77, -77, -77, -73, -74, -73, -74, -78, -78, -77, -74, -77, -74, -77, -74, -74, -77, -74, -77, -80, -80, -78, -77, -77, -77, -79, -76, -75, -77, -79, -74, -77, -76, -78, -78, -78, -78, -76, -77, -78, -75, -75, -75, -74, -74, -77, -75, -75, -75, -76, -76, -76, -78, -77, -74, -77, -75, -75, -76, -77, -77, -78, -78, -78, -77, -80, -76, -77, -77, -77, -77, -76, -77, -77, -78, -79, -79, -78, -78, -78, -76, -76, -75, -75, -78, -76, 
34:bd:c8:8c:fd:3d, 5320, Universities WiFi, -75, -75, -75, -75, -75, 
00:1d:70:92:dc:b2, 2462, Universities WiFi, -71, -71, -71, -71, -71, -68, -68, -68, -68, -68, -67, -67, -67, -67, -67, -68, -68, -68, -68, -68, -68, -68, -68, -68, -68, -68, -68, -67, -67, -67, -67, -67, -69, -69, -69, -69, -69, -69, -69, -69, -69, -68, -68, -68, -68, -68, -68, -68, -68, -68, -68, -68, -67, -67, -67, -67, -67, -67, -67, -67, -67, -67, -67, -67, -67, -67, -67, -67, -67, -67, 
34:bd:c8:8c:fd:3b, 5320, sMobileNet, -76, -76, -76, -76, -76, 
ec:c8:82:7a:3f:d4, 2462, eduroam, -73, -73, -73, -69, -69, -69, -69, -69, -69, -69, -65, -65, -65, -65, -65, -69, -69, -69, -69, -69, -65, -65, -65, -65, -65, -65, -65, -65, -65, -65, -67, -67, -67, -67, -70, -70, -70, -70, -70, -69, -69, -69, -69, -69, -64, -64, -64, -64, -64, -67, -67, -67, -67, 
00:25:84:22:f9:e0, 2412, sMobileNet, -73, -75, -75, -73, -73, -73, -73, -73, -72, -72, -73, -73, -73, -73, -73, -73, -72, -73, -73, -73, -73, -73, -73, -73, -73, -73, -73, -73, -73, -73, -73, -73, -73, -73, -73, -74, -73, -73, -72, -72, -72, -72, -73, -73, -72, -72, -72, -72, -73, -73, -73, -73, -73, -73, -72, -73, -73, -73, -73, -73, -73, -73, -73, -73, -73, -73, -73, -73, -73, -73, -73, -73, -73, -73, -73, -73, -74, -74, -74, -74, -73, -73, -73, -72, -72, -72, -72, -73, -73, 
28:93:fe:f4:b1:0a, 5825, Alumni, -78, -78, -78, -78, -78, -78, -78, -80, -80, -79, -79, -80, -81, -79, -80, -82, -81, -81, -81, -81, -81, -80, -80, -80, -80, -80, -80, -80, -79, -79, -79, -79, -79, -79, -80, -79, -79, -79, -79, -82, -79, -79, -79, -79, -79, -79, -79, -79, -79, -80, -81, -81, -80, -79, -79, -79, -79, -79, -79, -79, -79, -79, -79, -79, -79, -79, -82, -82, -82, -82, -81, -80, -80, -80, -80, -80, -80, -80, -81, -81, -81, -81, -80, -80, -80, -80, -79, -79, -79, -79, -79, -79, 
34:bd:c8:e3:3b:21, 2462, Alumni, -74, -74, -74, -74, -74, -80, -80, -80, -80, -80, -79, -79, -79, -79, -79, -80, -80, -80, -80, -80, 
34:bd:c8:8c:fd:1c, 5745, eduroam, -80, -82, -83, -83, -83, -83, -82, -85, -82, -81, -81, -82, -83, -83, -83, -83, -83, -83, -83, -83, -83, -83, -83, -83, -83, -83, -81, -81, -81, -81, -85, -83, -83, -84, -84, -83, -83, -82, -83, -83, -83, -83, -83, -83, -83, -83, -83, -82, -82, -82, -82, -82, -82, -83, -83, -83, -83, -83, -83, -82, -82, -82, -82, -82, -81, -81, -81, -81, -81, -81, -83, -83, -83, -83, -83, -83, -83, -83, -83, -83, -82, -82, -82, -82, -82, -82, -82, -82, -82, -82, -82, -82, 
28:93:fe:f4:b1:0c, 5825, eduroam, -80, -80, -80, -80, -80, -80, -80, -81, -80, -80, -80, -80, -81, -79, -79, -80, -80, -79, -79, -79, -81, -81, -81, -81, -80, -80, -80, -80, -80, -83, -81, -80, -80, -80, -80, -80, -81, -81, -81, -81, -81, -82, -82, -82, -82, -82, -82, -82, -82, -82, -82, -81, -81, -80, -80, -81, -80, -79, -80, -80, -80, 
34:bd:c8:8c:fd:1b, 5745, sMobileNet, -81, -82, -82, -82, -82, -82, -82, -82, -82, -82, -83, -83, -83, -83, -83, -83, -83, -83, -83, -83, -83, -83, -83, -83, -83, -83, -82, -82, -82, -82, -82, -82, -82, -82, -85, -84, -84, -84, -82, -84, -84, -84, -84, -84, -84, -84, -84, -84, -84, -84, -84, -84, -83, -83, -84, -84, -84, -84, -82, -82, -82, -85, -85, -81, -82, -83, -83, -83, -83, -84, -83, -83, -83, -82, -83, -83, -83, -83, -83, -84, -84, -83, -83, -83, -82, -82, -83, -83, -83, -82, -82, -82, -82, 
34:bd:c8:8c:fd:1a, 5745, Alumni, -81, -82, -82, -82, -82, -82, -82, -82, -83, -83, -84, -84, -84, -84, -84, -83, -83, -84, -84, -84, -84, -84, -84, -84, -84, -83, -83, -83, -83, -84, -83, -84, -83, -83, -83, -83, -84, -82, -82, -83, -82, -83, -83, -83, -84, -84, -84, -84, -82, -83, -83, -83, -83, -83, -83, -83, -83, -82, -82, -82, -81, -81, -81, -81, -81, -81, -83, -83, -83, -83, -85, -84, -83, -83, -83, -83, -83, -83, -83, -83, -82, -82, -83, -83, -83, -83, -83, -83, -83, -83, -83, -83, 
34:bd:c8:8c:fd:1d, 5745, Universities WiFi, -81, -82, -82, -82, -82, -83, -83, -83, -83, -82, -82, -82, -82, -82, -82, -82, -82, -83, -83, -83, -83, -83, -83, -83, -83, -82, -82, -82, -82, -82, -82, -82, -82, -82, -82, -83, -82, -82, -82, -82, -82, -82, -83, -83, -83, -83, -83, -83, -83, -83, -83, -83, -83, -83, -82, -83, -83, -83, -83, -83, -81, -81, -81, -81, -81, -80, -81, -83, -82, -83, -83, -83, -83, -83, -83, -82, -82, -82, -82, -82, -82, -83, -82, -82, -82, -82, -82, -82, -82, -82, -81, -82, -82, -82, -82, 
9c:af:ca:48:86:0a, 5745, Alumni, -84, -84, -84, -84, -84, -83, -83, -83, -83, -83, -83, -83, -83, -83, -83, -85, -84, -84, -84, -84, -84, -84, -84, -84, -84, -84, -84, -84, -84, -84, -85, -85, -85, -85, -85, -84, -84, -84, -84, -84, -84, -84, -84, -84, -84, -84, -84, -84, -84, -84, -84, -84, -85, -85, -85, -85, -85, 
9c:af:ca:48:86:0c, 5745, eduroam, -84, -84, -84, -84, -84, -84, -84, -84, -84, -84, -84, -84, -84, -84, -84, -84, -85, -83, -83, -83, -83, -83, -83, -83, -83, -86, -86, -86, -86, -86, -84, -84, -84, -84, -84, -84, -85, -85, -85, -85, -85, -86, -86, -86, -85, -85, -86, -86, -85, 
9c:af:ca:48:86:0b, 5745, sMobileNet, -85, -85, -85, -85, -85, -84, -84, -84, -84, -84, -84, -84, -84, -84, -84, -84, -84, -84, -83, -84, -84, -84, -84, -84, -84, -84, -84, -84, -84, -84, -84, -84, -84, -84, -84, -84, -84, -84, -84, 
30:37:a6:a5:3e:03, 2412, eduroam, -83, -83, -83, -83, -83, 
ec:c8:82:7a:3f:dc, 5240, Y5ZONE, -67, -64, -66, -59, -59, -60, -59, -61, -60, -59, -59, -59, -60, -59, -59, -59, -61, -63, -63, -63, -64, -64, -63, -61, -61, -63, -65, -65, -66, -64, -64, -64, -66, -65, -64, -64, -64, -63, -62, -62, -62, -60, -59, -59, -58, -59, -58, -59, -61, -61, -59, -58, -60, -61, -61, -61, -63, -62, -59, -59, -63, -60, -58, -58, -59, -59, -58, -61, -65, -64, -61, -60, -60, -58, -60, -63, -60, -59, -63, -63, -63, -62, -62, -62, -65, -63, -63, -63, -64, -61, -59, -61, -63, -63, -61, -62, -61, -61, -61, -63, 
ec:c8:82:7a:3f:de, 5240, PCCW, -67, -65, -65, -59, -60, -62, -60, -62, -61, -59, -59, -61, -62, -60, -60, -60, -60, -64, -64, -63, -65, -64, -64, -61, -61, -64, -66, -66, -66, -65, -64, -64, -65, -66, -65, -65, -64, -64, -64, -63, -63, -60, -60, -59, -59, -61, -60, -60, -60, -61, -60, -58, -60, -63, -63, -63, -63, -63, -60, -60, -64, -61, -58, -58, -60, -60, -58, -62, -66, -65, -62, -61, -60, -58, -61, -63, -61, -61, -65, -65, -65, -64, -64, -64, -66, -64, -64, -62, -65, -63, -60, -63, -64, -63, -63, -63, -63, -63, -63, -64, 
ec:c8:82:7a:df:6e, 5180, PCCW, -68, -62, -66, -68, -67, -67, -67, -67, -68, -67, -67, -67, -69, -67, -67, -67, -69, -67, -67, -68, -69, -70, -70, -73, -69, -65, -67, -67, -70, -70, -70, -72, -70, -72, -72, -71, -71, -71, -71, -73, -71, -70, -72, -69, -69, -67, -69, -68, -68, -68, -68, -67, -67, -70, -68, -68, -68, -67, -69, -65, -65, -68, -69, -69, -68, -68, -68, -68, -68, -69, -67, -68, -68, -69, -69, -69, -68, -68, -67, -67, -67, -67, -67, -67, -67, -67, -68, -69, -68, -68, -68, -68, -68, -67, -67, -67, -67, -67, -67, -67, 
ec:c8:82:7a:df:6c, 5180, Y5ZONE, -68, -62, -66, -68, -68, -66, -66, -67, -68, -67, -67, -67, -68, -68, -68, -67, -71, -67, -67, -68, -69, -69, -69, -72, -68, -64, -66, -67, -70, -70, -70, -71, -70, -73, -72, -71, -71, -70, -71, -74, -72, -69, -72, -70, -68, -66, -67, -69, -68, -68, -68, -67, -66, -70, -67, -67, -67, -67, -67, -64, -64, -67, -67, -67, -67, -66, -67, -67, -67, -67, -65, -67, -68, -69, -69, -69, -67, -68, -69, -68, -68, -67, -67, -65, -66, -68, -68, -68, -68, -68, -68, -68, -68, -67, -67, -67, -67, -67, -67, -67, 
ec:c8:82:7a:dc:5c, 5765, Y5ZONE, -72, -75, -73, -79, -76, -76, -78, -76, -76, -76, -77, -78, -79, -75, -76, -80, -74, -74, -74, -74, -75, -76, -76, -75, -71, -74, -74, -77, -75, -74, -76, -74, -75, -75, -75, -79, -78, -78, -75, -79, -76, -76, -76, -76, -72, -72, -76, -78, -78, -79, -79, -77, -77, -77, -77, -77, -77, -75, -77, -77, -74, -75, -77, -75, -79, -76, -78, -75, -75, -76, -76, -77, -77, -77, -79, -78, -78, -75, -78, -80, -76, -77, -78, -79, -79, -78, -79, -77, -77, -78, -78, -78, -80, -79, -77, -77, -75, -76, -78, -78, 
34:bd:c8:8c:fd:3e, 5320, PCCW, -75, -75, -75, -75, -75, 
28:93:fe:f4:b1:0f, 5825, Y5ZONE, -78, -78, -80, -79, -79, -79, -79, -80, -80, -79, -79, -80, -80, -80, -80, -80, -80, -80, -81, -80, -80, -80, -81, -80, -79, -80, -80, -80, -79, -79, -80, -80, -80, -80, -81, -80, -80, -80, -78, -79, -79, -79, -79, -79, -80, -80, -79, -79, -79, -78, -78, -79, -79, -80, -80, -80, -80, -80, -80, -80, -79, -80, -80, -80, -79, -79, -79, -79, -80, -80, -80, -80, -80, -81, -81, -82, -82, -81, -81, -81, -80, -80, -80, -81, -80, -80, -80, -80, -80, -79, 
34:bd:c8:8c:fd:1e, 5745, PCCW, -81, -81, -81, -83, -83, -83, -83, -83, -83, -81, -83, -83, -83, -83, -83, -83, -83, -83, -83, -83, -83, -83, -83, -83, -83, -83, -83, -82, -82, -82, -83, -83, -83, -83, -83, -83, -83, -83, -83, -83, -83, -83, -83, -83, -83, -84, -84, -84, -84, -83, -83, -83, -83, -83, -84, -84, -84, -83, -83, -83, -82, -82, -82, -82, -82, -82, -82, -83, -84, -84, -84, -84, -84, -83, -83, -83, -84, -84, -84, -84, -84, -83, -83, -83, -83, -83, -83, -83, -82, -82, -82, -82, -82, -82, -82, 
34:bd:c8:8c:fd:1f, 5745, Y5ZONE, -81, -83, -83, -83, -83, -82, -82, -82, -82, -84, -84, -84, -84, -84, -84, -83, -83, -83, -83, -83, -83, -83, -83, -83, -83, -83, -83, -83, -83, -83, -83, -83, -83, -83, -83, -83, -83, -83, -83, -82, -83, -83, -84, -83, -83, -83, -83, -83, -83, -83, -83, -83, -83, -84, -84, -83, -83, -83, -82, -82, -82, -82, -82, -80, -81, -83, -83, -83, -83, -83, -83, -83, -83, -83, -83, -83, -83, -83, -83, -83, -83, -83, -82, -82, -82, -82, -82, -82, -81, -82, -82, -82, -82, 
28:93:fe:f4:b1:00, 2437, Y5ZONE, -79, -79, -79, -79, -79, 
c8:d7:19:ff:2e:2d, 2412, Cisco64266, -94, -90, -90, -90, -90, -91, -90, -90, -90, -90, -90, -88, -88, -88, -88, -88, -90, -90, -90, -90, -90, -89, -89, -92, -91, -91, -91, -91, -91, -89, -88, -88, -88, -90, -90, -90, -90, -90, -91, -89, -89, -89, -89, -90, -90, -90, -90, -89, -89, -89, -89, -89, -89, -89, -90, -89, -89, -89, -89, -89, -89, -89, -91, -91, 
ec:c8:82:7a:df:6a, 5180, Alumni, -60, -65, -69, -69, -69, -69, -69, -68, -68, -68, -68, -68, -68, -67, -67, -67, -67, -67, -70, -70, -73, -73, -65, -65, -67, -67, -70, -70, -70, -70, -70, -72, -72, -72, -72, -72, -74, -74, -74, -74, -68, -68, -68, -68, -69, -69, -69, -69, -69, -69, -69, -69, -65, -65, -66, -66, -66, -66, -66, -66, -68, -69, -69, -69, -69, -69, -69, -69, -69, -69, -68, -68, -68, -68, -68, -70, -68, -68, -68, -68, -68, -68, -68, 
ec:c8:82:7a:3f:da, 5240, Alumni, -65, -66, -59, -60, -60, -59, -61, -60, -59, -59, -60, -60, -60, -60, -59, -59, -63, -62, -62, -63, -63, -63, -61, -61, -63, -66, -66, -66, -65, -64, -63, -63, -65, -65, -64, -64, -63, -61, -61, -61, -58, -58, -58, -58, -60, -59, -59, -59, -59, -59, -58, -60, -60, -61, -61, -63, -62, -60, -59, -62, -60, -58, -58, -60, -60, -58, -62, -66, -65, -61, -60, -60, -57, -61, -63, -59, -59, -63, -63, -63, -61, -61, -62, -65, -64, -64, -62, -63, -61, -60, -61, -62, -62, -61, -61, -60, -60, -62, -63, 
ec:c8:82:7a:e1:62, 2412, Universities WiFi, -62, -60, -64, -64, -67, -67, -67, -67, -67, -67, -67, -66, -66, -66, -66, -66, -63, -63, -63, -63, -63, -65, -67, -67, -67, -66, -67, -67, -67, -67, -64, -64, -66, -66, -66, -66, -66, -64, -67, -66, -68, -68, -68, -68, -68, -67, -67, -67, -67, -67, -67, -67, -67, -67, -67, -67, -65, -65, -65, -69, -68, -68, -68, -66, -66, -67, -67, -67, -66, -66, -66, -66, -63, -63, -63, -63, -68, -68, -68, -68, -68, -68, -67, -65, -65, -65, -65, -65, 
ec:c8:82:7a:3f:db, 5240, eduroam, -67, -67, -59, -61, -62, -61, -63, -62, -61, -61, -62, -63, -61, -60, -60, -62, -66, -64, -64, -65, -65, -63, -63, -63, -65, -66, -66, -66, -66, -63, -64, -65, -66, -65, -64, -63, -64, -62, -63, -63, -62, -61, -61, -61, -63, -61, -60, -61, -62, -61, -60, -63, -63, -63, -63, -65, -64, -61, -61, -65, -62, -62, -61, -63, -62, -60, -64, -66, -66, -64, -62, -62, -59, -62, -65, -62, -61, -65, -66, -65, -64, -64, -63, -67, -66, -66, -64, -66, -63, -61, -63, -65, -65, -63, -63, -63, -63, -63, -65, 
ec:c8:82:7a:3f:df, 5240, sMobileNet, -67, -67, -60, -60, -60, -60, -62, -61, -61, -61, -61, -61, -61, -61, -60, -61, -64, -63, -63, -64, -65, -65, -63, -63, -64, -65, -65, -66, -66, -66, -65, -65, -65, -64, -64, -65, -64, -63, -63, -63, -61, -60, -60, -60, -62, -61, -61, -61, -61, -61, -58, -62, -62, -62, -62, -64, -63, -61, -61, -64, -61, -60, -60, -62, -61, -60, -63, -67, -65, -63, -62, -61, -58, -61, -63, -61, -61, -65, -65, -64, -63, -63, -63, -66, -65, -65, -64, -64, -62, -61, -62, -63, -63, -62, -62, -62, -62, -62, -63, 
ec:c8:82:7a:df:62, 2412, Universities WiFi, -65, -62, -61, -61, -60, -60, -60, -60, -60, -60, -60, -60, -60, -60, -60, -60, -62, -62, -62, -62, -62, -62, -62, -66, -66, -66, -66, -66, -59, -59, -59, -59, -59, -63, -60, -59, -59, -60, -60, -60, -60, -60, -60, -60, -60, -59, -59, -59, -59, -59, -60, -60, -60, -62, -62, -62, -62, -62, -64, -64, -64, -63, -63, -63, -63, -63, -63, -58, -58, -58, 
ec:c8:82:7a:dc:52, 2462, Universities WiFi, -69, -69, -69, -69, -69, -68, -68, -68, -68, -68, -68, -68, -68, -68, -68, -70, -70, -70, -70, -70, -70, -70, -70, -70, -70, -70, -70, -70, -69, -69, -69, -69, -69, -71, -71, -71, -71, -71, -67, -67, -67, -67, -67, -69, -69, -69, -69, -69, -69, -68, -68, -68, -68, -68, -68, -68, -68, -68, -68, 
00:25:84:22:f2:df, 5280, sMobileNet, -75, -75, -74, -74, -74, -74, -74, -75, -75, -75, -75, -75, -75, -75, -75, -75, -74, -74, -74, -74, -74, -74, -74, -74, -74, -75, -75, -74, -74, -74, -76, -74, -74, -74, -74, -74, -74, -74, -75, -75, -75, -75, -75, -75, -75, -75, -75, -75, -75, -75, -75, -75, -75, -75, -75, -75, -75, -75, -75, -75, -75, -75, -75, -75, -75, -74, -74, -74, -74, -75, -75, -75, -75, -75, -75, -75, -75, 
34:bd:c8:e3:3b:2d, 5320, sMobileNet, -77, -77, -77, -77, -77, -76, -76, -76, -76, 
ec:c8:82:7a:dc:b1, 2462, eduroam, -74, -74, -74, -76, -76, -76, -76, -76, -78, -78, -78, -78, -77, -77, -77, -77, -77, -78, -78, -78, -78, -78, -77, -77, -75, -75, -75, -75, -75, -76, -77, -77, -77, -77, -77, -76, -76, -77, -77, -77, -77, -77, -77, -77, -77, -77, -77, -77, -77, -77, -78, -78, -78, -78, -78, -78, -78, -78, -78, -78, -78, -78, -78, -78, -78, -78, -78, -78, -78, -78, -78, -78, -78, -78, -78, -78, -78, -78, -78, -78, -78, -78, -78, -79, -79, -79, 
ec:c8:82:7a:dc:b2, 2462, Alumni, -76, -76, -76, -77, -77, -77, -77, -77, -77, -77, -77, -77, -77, -77, -77, -76, -76, -76, -76, -76, -75, -75, -75, -75, -75, -75, -75, -75, -75, -75, -75, -75, -75, -75, -75, -80, -80, -80, -80, -80, -78, -78, -78, -75, -75, -75, -75, -75, -75, -75, -75, -75, -75, -75, -75, -75, -75, -75, -75, -75, -75, -75, -75, -75, -75, -75, -75, -75, -75, -75, -75, -75, -75, -75, -75, -75, -75, -75, -77, -77, -77, -77, -77, -75, 
ec:c8:82:7a:dc:b3, 2462, Universities WiFi, -77, -77, -77, -78, -78, -78, -78, -76, -76, -76, -76, -76, -78, -78, -78, -78, -76, -76, -76, -76, -76, -76, -76, -75, -75, -75, -77, -75, -75, -75, -76, -76, -76, -76, -75, -75, -75, -75, -75, -75, -76, -76, -76, -76, -76, -77, -76, -76, -76, -76, -76, -76, -75, -75, -75, -75, -75, -75, -75, -75, -75, -75, -75, -75, -75, -75, -75, -75, -75, -75, -75, -75, -75, -78, -78, -75, -75, -75, -75, -75, -75, -75, -75, -75, -75, -75, -78, -78, -78, -78, -78, -76, 
34:bd:c8:e3:3b:20, 2462, eduroam, -78, -78, -78, -78, -78, -80, -80, -80, -80, -81, -81, -81, -81, -81, -80, -80, -80, -80, -80, 
34:bd:c8:e3:3b:2b, 5320, Y5ZONE, -77, -77, -77, -77, -77, -77, -77, -77, -77, -77, 
34:bd:c8:e3:3b:25, 2462, PCCW, -77, -77, -77, -77, -80, -80, -80, -80, -80, -80, -80, -80, -80, -80, -80, -80, -82, -82, -82, -82, -82, -79, -79, -79, -79, -79, -78, -79, -79, -79, -79, -79, -81, -81, -81, -81, -81, -79, -79, -79, -79, -79, -79, -79, -80, -80, -81, -79, -79, -79, -79, -79, -80, -80, -80, -80, -81, -81, -81, 
34:bd:c8:e3:3b:24, 2462, Y5ZONE, -77, -76, -76, -76, -81, -81, -81, -81, -81, -83, -83, -83, -83, -83, -82, -82, -82, -82, -82, -81, -81, -81, -81, -81, -79, -79, -79, -79, -79, -80, 
ec:c8:82:7a:e4:71, 2412, PCCW, -82, -82, -82, -82, -82, -82, -82, -82, -82, -82, 
02:2f:4f:ac:99:a7, 2457, HP01C2D1, -79, -79, -76, -76, -76, -77, -77, -77, -77, -77, -77, -77, -75, -75, -78, -80, -80, -81, -83, -83, -83, -83, -83, -79, -77, -77, -78, -78, -78, -78, -76, -76, -76, -72, -70, -74, -74, -79, -79, -81, -78, -77, -77, -77, -74, -74, -76, -76, -74, -74, -76, -76, -77, -76, -76, -76, -77, -77, -76, -76, -78, -76, -77, -77, -77, -77, -77, -77, -77, -70, -76, -77, -77, -77, -70, -76, -76, -72, -76, -77, -77, -77, -73, -77, -77, -77, -78, -77, -76, -77, -77, -77, -75, -75, -75, -77, -74, -74, -74, 
ec:c8:82:7a:e1:60, 2412, sMobileNet, -61, -61, -61, -61, -61, -68, -65, -66, -66, -66, -66, -66, -69, -69, -69, -65, -65, -65, -65, -65, -65, -65, -65, -69, -69, -69, -67, -67, -67, -69, -69, -69, -69, -69, -68, -68, -68, -68, -65, -65, -65, -68, -65, -65, -65, -65, -65, -67, -67, -67, -67, -68, -68, -68, -68, -67, -67, -67, -67, -65, -66, -66, -66, -68, -69, -69, -69, -69, -69, -69, -69, -69, -65, -65, -65, -66, -66, -65, -65, -65, 
ec:c8:82:7a:e1:64, 2412, eduroam, -63, -67, -67, -67, -67, -67, -67, -67, -67, -68, -68, -68, -68, -68, -64, -64, -64, -66, -66, -66, -68, -68, -68, -68, -68, -68, -68, -67, -64, -64, -64, -64, -66, -69, -69, -69, -68, -68, -68, -68, -65, -65, -65, -65, -65, -65, -65, -69, -68, -67, -67, -67, -67, -67, -67, -67, -67, -67, -67, -67, -67, -67, -66, -66, -66, -66, -64, -65, -65, -65, -66, -66, -66, -66, -66, -65, -65, -65, -66, -66, -66, -66, -66, -66, -66, -66, -69, -69, -69, -69, -69, -68, -68, -68, -68, -68, 
ec:c8:82:7a:df:64, 2412, eduroam, -63, -63, -63, -62, -62, -62, -62, -62, -62, -62, -63, -62, -63, -64, -64, -64, -62, -62, -62, -62, -62, -68, -68, -68, -68, -68, -63, -61, -61, -61, -61, -61, -61, -61, -61, -61, -62, -62, -62, -62, -62, -62, -62, -62, -62, -62, -62, -61, -61, -61, -61, -61, -68, -68, -68, -68, -68, -63, -63, -63, -63, -63, -63, -63, -63, -64, -64, -64, -64, -64, -61, -61, -61, 
ec:c8:82:7a:dc:55, 2462, Alumni, -69, -69, -69, -69, -69, -70, -70, -68, -68, -68, -68, -68, -68, -68, -68, -68, -68, -68, -68, -69, -69, -69, -69, -70, -71, -71, -71, -71, -71, -69, -69, -69, -69, -69, -69, -69, -69, -69, -68, -68, -68, -68, -68, -67, -67, -67, -67, -67, -67, -67, -70, -70, -70, -70, -70, -68, 
00:23:04:c8:5c:c0, 2437, sMobileNet, -72, -72, -74, -74, -74, -74, -74, -73, -73, -73, -73, -76, -76, -76, -76, -74, -76, -76, -75, -75, -75, -71, -71, -71, -73, -73, -73, -72, -73, -73, -73, -73, -73, -76, -76, -76, -76, -76, -74, -74, -74, -73, -73, -73, -77, -77, -77, -77, -77, -78, -78, -78, -76, -76, -76, -72, -72, -72, -72, -72, -73, -73, -71, -71, -71, -71, -71, -76, -76, -76, -75, -75, -75, -73, -76, -76, -76, -76, -76, 
00:25:84:23:01:ff, 5320, sMobileNet, -75, -75, -75, -75, -75, -75, -75, -75, -75, -75, -74, -75, -75, -75, -75, -75, -75, -75, -75, -75, -76, -76, -76, -75, -75, -75, -75, -75, -75, -75, -77, -76, -76, -76, -75, -75, -75, -75, -75, -75, -75, -75, -75, -75, -75, -75, -75, -75, -75, -75, -75, -75, -75, -74, -75, -75, -75, -75, -75, -75, -75, -75, -75, -75, -75, -75, -75, -75, 
00:23:eb:3a:9b:03, 2412, Universities WiFi, -73, -73, -72, -72, -72, -72, -72, -72, -72, -72, -72, -72, -72, -72, -72, -72, -72, -72, -72, -72, -72, -72, -72, -72, -72, -72, -72, -72, -72, -72, -72, -72, -72, -72, -72, -72, -72, -77, -75, -72, -72, -72, -72, -72, -72, -72, -72, -72, -72, -72, -72, -74, -73, -73, -73, -73, -72, -72, -72, -72, -72, -72, -72, -72, -72, -72, -72, -72, -72, -72, -73, -73, -73, -73, -72, -72, -72, -72, -72, -72, -72, -72, -72, -72, -72, -72, -72, -72, -72, -72, -72, -72, -72, -72, -72, -72, -72, 
00:23:eb:3a:9b:02, 2412, Alumni, -74, -73, -73, -73, -73, -72, -72, -72, -72, -72, -72, -72, -72, -72, -72, -72, -72, -72, -72, -72, -72, -72, -72, -72, -72, -72, -72, -73, -73, -72, -72, -72, -72, -72, -73, -73, -72, -72, -74, -72, -72, -72, -72, -72, -72, -72, -72, -72, -72, -72, -72, -74, -73, -73, -73, -73, -72, -72, -72, -72, -72, -72, -72, -72, -72, -72, -72, -72, -72, -72, -72, -72, -72, -72, -72, -72, -72, -72, -72, -72, -72, -72, -72, -72, -72, -72, -72, -72, -72, -72, -72, -72, -72, -72, -72, -72, -72, 
00:23:eb:3a:9b:04, 2412, sMobileNet, -75, -75, -75, -75, -75, -75, -75, -75, -75, -75, -75, -74, -73, -73, -73, -73, -74, -74, -74, -74, -74, -74, -74, -74, -74, -74, -74, -74, -74, -74, -74, -74, -74, -74, -74, -72, -73, -73, -76, -75, -74, -74, -74, -74, -74, -74, -74, -74, -74, -74, -74, -75, -75, -75, -75, -75, -75, -75, -74, -74, -74, -74, -74, -74, -74, -74, -74, -74, -74, -74, -74, -74, -74, -74, -74, -74, -74, -74, -74, -74, -74, -73, -74, -74, -73, -74, -74, -74, -74, -73, -73, -73, -74, -74, -74, -74, -74, 
00:23:eb:3a:9b:01, 2412, eduroam, -75, -74, -73, -73, -73, -73, -73, -73, -73, -73, -73, -73, -73, -73, -73, -73, -74, -74, -73, -73, -73, -73, -73, -73, -73, -73, -73, -73, -73, -73, -73, -73, -73, -73, -73, -73, -73, -78, -76, -74, -74, -74, -73, -73, -73, -73, -73, -73, -73, -73, -72, -75, -74, -73, -73, -73, -73, -73, -73, -73, -73, -73, -73, -73, -73, -73, -73, -73, -73, -73, -73, -73, -73, -73, -73, -73, -73, -73, -73, -73, -73, -73, -73, -73, -73, -73, -73, -73, -73, -73, -73, -73, -73, -73, -73, -73, -73, 
00:23:eb:3a:9b:f3, 2462, Universities WiFi, -77, -77, -77, -77, -77, -77, -77, -77, -77, -78, -78, -78, -78, -78, -78, -78, -78, -79, -78, -78, -78, -77, -77, -77, -77, -77, -77, -77, -77, -77, -78, -78, -78, -78, -78, -78, -78, -78, -78, -78, -78, -78, -78, -78, -78, -77, -77, -77, -77, -77, -77, -77, -77, -77, -78, -78, -78, -78, -78, -78, -78, -78, -78, -78, -78, -78, -78, -78, -78, -78, -78, -78, -78, -78, -78, -78, -78, -78, -78, -78, -78, 
00:23:eb:3a:9b:f2, 2462, Alumni, -77, -77, -77, -77, -77, -78, -78, -78, -78, -78, -78, -78, -78, -78, -78, -78, -78, -78, -78, -76, -76, -76, -76, -76, -76, -76, -76, -76, -79, -79, -78, -78, -78, -78, -78, -78, -78, -78, -78, -78, -78, -78, -78, -78, -78, -78, -78, -78, -78, -78, -78, -78, -78, -78, -78, -78, -78, -78, -78, -78, -78, -78, -78, -78, -78, -78, -78, -78, -78, -78, -78, -78, -78, -78, -78, -78, -78, 
00:23:eb:3a:9b:f1, 2462, eduroam, -78, -78, -78, -78, -78, -78, -78, -78, -78, -78, -78, -78, -78, -78, -78, -78, -78, -78, -77, -77, -77, -77, -78, -78, -78, -78, -78, -78, -80, -80, -78, -78, -78, -78, -78, -78, -78, -78, -78, -78, -78, -79, -79, -79, -78, -78, -78, -78, -78, -78, -78, -78, -78, -78, -78, -78, -78, -78, -78, -79, -79, -79, -79, -79, -79, -79, -79, -79, -79, -79, -79, -79, -78, -78, -78, -78, -78, -78, -78, -78, 
00:23:eb:3a:9b:f4, 2462, sMobileNet, -80, -80, -80, -80, -80, -80, -80, -80, -80, -78, -78, -78, -78, -78, -80, -80, -80, -79, -78, -78, -78, -78, -78, -78, -78, -78, -78, -81, -81, -80, -80, -78, -78, -78, -78, -78, -78, -79, -79, -79, -79, -79, -78, -80, -80, -80, -80, -80, -80, -80, -78, -80, -80, -80, -80, -81, -81, -81, -81, -78, -79, -79, -79, -79, -79, -78, -78, -78, 
2c:b0:5d:97:26:a0, 2457, room7341_AV, -72, -71, -71, -70, -70, -71, -71, -71, -71, -71, -71, -71, -71, -70, -71, -67, -69, -69, -72, -72, -68, -67, -67, -71, -71, -71, -71, -71, -72, -72, -72, -68, -68, -69, -70, -66, -69, -71, -70, -71, -71, -68, -71, -69, -69, -69, -69, -71, -67, -67, -67, -67, -71, -71, -71, -71, -70, -71, -71, -67, -69, -69, -69, -69, -72, -72, -72, -72, -72, -68, -68, -71, -71, -71, -66, -69, -69, -69, -70, -70, -71, -71, -71, -71, -71, -68, -70, -70, -70, -68, -68, -68, -68, -68, -71, 
00:23:eb:3a:9b:00, 2412, VisitorWiFi, -74, -73, -73, -73, -73, -73, -73, -73, -73, -73, -72, -72, -72, -72, -72, -72, -73, -73, -73, -73, -73, -73, -73, -73, -73, -73, -73, -73, -73, -73, -71, -72, -72, -72, -72, -72, -72, -72, -74, -74, -73, -73, -73, -72, -72, -72, -72, -72, -72, -72, -72, -74, -73, -73, -73, -72, -72, -72, -72, -72, -72, -72, -72, -72, -72, -72, -72, -73, -73, -73, -73, -73, -73, -73, -72, -72, -72, -72, -72, -72, -72, -72, -72, -72, -72, -72, -72, -72, -72, -72, -73, -73, -73, -73, -73, -73, -73, 
00:23:eb:3a:9b:f0, 2462, VisitorWiFi, -78, -78, -78, -78, -78, -78, -78, -78, -78, -78, -79, -79, -79, -79, -79, -79, -79, -79, -79, -79, -78, -78, -78, -78, -78, -79, -78, -78, -78, -78, -78, -79, -79, -79, -78, -78, -78, -78, -78, -79, -79, -79, -79, -79, -79, -78, -78, -78, -78, -78, -78, -78, -78, -78, -78, -78, -78, -78, 
28:93:fe:f4:b1:0c, 5745, eduroam, -82, -82, -82, -82, -81, -81, -81, -83, -82, -83, -83, -83, -83, -83, -83, -82, -82, -81, -81, -82, -82, -82, -82, -82, -81, -81, -83, -83, -83, -83, -83, -82, -82, -84, -84, -84, 
ec:c8:82:7a:de:62, 2437, Universities WiFi, -61, -61, -61, -61, -61, -62, -62, -62, -62, -60, -62, -62, -62, -61, -61, -61, -61, -61, -66, -66, -65, -65, -65, -65, -61, -61, -61, -61, -61, -62, -61, -61, -61, -61, -61, -61, -61, -61, -62, -62, -61, -61, -61, -61, -61, -65, -65, -65, -65, -65, -63, -63, -63, -62, -62, -62, -62, -62, -62, -65, -65, -65, -65, -65, -64, -64, -65, -65, -65, -65, -65, -65, -65, -65, -65, -63, -63, -62, -62, -62, -62, -62, -64, 
00:25:84:22:f7:3f, 5320, sMobileNet, -76, -76, -76, -76, -76, -76, -76, -76, -76, -76, -77, -77, -77, -77, -77, -73, -73, -73, -73, 
34:bd:c8:db:57:8f, 5805, sMobileNet, -80, -80, -80, -80, -80, -80, -80, -80, -81, -81, -81, -80, -80, -79, -79, -79, -79, -81, -79, -79, -79, -79, -79, -78, -78, -78, -78, -78, -81, -81, -81, -81, -81, -81, -81, -81, 
90:f6:52:77:63:52, 2427, CLE_LC3018, -82, -82, -82, -82, -82, -87, -87, -87, -87, -87, -87, -87, -87, -87, -87, -83, -83, -83, -83, -83, 
a0:f3:c1:98:9b:44, 2462, ustrobotics, -82, -82, -82, -82, -82, -79, -79, -79, -80, -80, -80, -80, -80, -81, -81, -81, -81, -81, -80, -80, -80, -80, -80, -80, -80, -80, -80, -82, -83, -83, -83, -83, -83, -80, -80, -80, -80, -80, -81, -80, -80, -80, -80, -75, -79, -79, -81, -81, -81, -81, -81, -79, -79, -79, -79, -79, -75, -75, -75, -75, -75, -74, -74, -74, -78, 
00:23:cd:1b:08:88, 2427, TP-LINK_1B0888, -81, -81, -81, -81, -81, -81, -81, -81, -81, -81, -81, -81, -81, -81, -81, -81, -81, -81, -80, -81, -81, -81, -81, -81, -81, -81, -81, -80, -80, -80, -80, -81, -81, -81, -80, -80, -80, -80, -81, -81, -81, -81, -81, -81, -81, -81, -81, -81, -81, -81, -81, -81, -81, -81, -81, -81, -81, -81, -81, -81, -81, -81, -81, -81, -81, -81, -81, -81, -81, -81, -81, -81, -81, -81, -81, -81, -76, -80, -81, -81, -81, -81, -81, -81, -81, -81, -81, -81, -81, -81, -81, -81, -81, -81, -81, -81, 
ec:c8:82:7a:3f:d2, 2462, Universities WiFi, -68, -68, -68, -68, -68, -68, -68, -67, -67, -67, -67, -68, -68, -68, -68, -68, -68, -68, -68, -66, -66, -66, -65, -65, -65, -65, -65, -65, -65, -65, -65, -64, -68, -68, -68, -68, -67, -70, -70, -68, -68, -68, -68, -68, -63, -63, -63, -63, -63, 
ec:c8:82:7a:3f:d0, 2462, sMobileNet, -68, -68, -68, -68, -67, -67, -67, -67, -65, -65, -65, -65, -65, -68, -68, -68, -68, -72, -72, -72, -72, -71, -71, -71, -71, -71, -68, -68, -68, -68, -64, -64, -65, -68, -68, -68, -68, -68, -66, -66, -66, -66, -66, -71, -71, -71, -69, -69, -69, -69, -69, -70, -70, -70, -70, -70, -72, -72, -72, -76, -76, -76, -76, -76, 
ec:c8:82:7a:dc:50, 2462, sMobileNet, -69, -69, -69, -70, -70, -70, -70, -70, -70, -70, -70, -70, -68, -68, -68, -68, -68, -70, -70, -70, -70, -70, -70, -70, -70, -70, -70, -71, -71, -71, -71, -71, -69, -69, -69, -69, -69, -70, -70, -70, -70, -70, -72, -72, -72, -69, -69, -69, -69, -69, -71, -69, -69, -69, -69, -70, -70, -70, -70, -70, -69, -69, -69, -69, -69, -69, 
34:bd:c8:db:54:01, 2437, PCCW, -80, -80, -80, -80, -80, 
9c:af:ca:48:86:0e, 5745, PCCW, -85, -85, -85, -85, -85, -84, -84, -84, -84, -84, -85, -85, -85, -85, -85, -85, -85, -85, -85, -85, -84, -84, -84, -84, -84, -86, -86, -86, -86, -86, -84, -84, -84, -84, -83, -83, -83, -83, -86, -86, -86, -86, -84, -84, -84, -84, -84, -84, -84, -84, -85, -85, -84, -84, 
ec:c8:82:7a:df:60, 2412, sMobileNet, -60, -60, -60, -63, -63, -63, -63, -59, -59, -59, -59, -59, -61, -62, -62, -64, -64, -64, -64, -64, -64, -64, -64, -71, -71, -68, -68, -68, -68, -72, -72, -72, -72, -72, -61, -61, -61, -60, -60, -60, -59, -59, -59, -59, -59, -59, -59, -59, -60, -60, -60, -60, -60, -60, -60, -60, -60, -60, -65, -65, -65, -65, -60, -59, -59, -63, -63, -63, -63, -63, -63, -63, -63, -63, -63, -63, -63, -63, -63, -64, -64, -64, -64, -64, 
ec:c8:82:7a:dc:b4, 2462, ITSCTEST, -77, -77, -74, -74, -74, -74, -74, -77, -77, -77, -75, -75, -74, -74, -74, -77, -77, -77, -77, -77, -78, -78, -78, -74, -74, -74, -74, -74, -74, -74, -74, -77, -77, -77, -77, -75, -75, -75, -74, -74, -74, -74, -74, -76, -76, -76, -76, -76, -75, -75, -75, -75, -75, -74, -74, -76, -76, -76, -76, -76, -76, -76, -74, 
02:2f:ef:5b:02:3d, 2457, HP862057, -92, -92, -92, -92, -92, -92, -92, -92, -92, -92, -92, -93, -93, -93, -93, -93, -93, -93, -93, -93, -93, -93, -93, -93, -93, -93, 
00:23:eb:3a:13:5f, 5180, sMobileNet, -74, -73, -73, -73, -74, -74, -74, -74, -74, -74, -74, -74, -75, -75, -75, -75, -75, -74, -74, -74, -74, -74, -74, -74, -74, -75, -75, -75, -75, -75, -74, -74, -74, -74, -74, -74, -73, -73, -73, -73, -73, -75, -75, -75, -75, -75, -75, -74, -74, -74, -74, -74, -72, -72, -72, -72, -74, -74, -74, -74, -74, -74, 
00:23:eb:0b:4b:80, 2462, sMobileNet, -74, -74, -75, -75, -75, -75, -75, -75, -75, -75, -75, -76, -76, -76, -76, -76, -75, -75, -75, -75, -75, -77, -77, -77, -77, -77, -77, -77, -77, -77, -77, -77, -77, -75, -75, -75, -75, -77, -77, -77, -77, -77, -75, -75, -75, -75, -75, -75, -75, -74, -74, -74, -74, -74, 
9c:af:ca:48:86:0d, 5745, Universities WiFi, -84, -84, -84, -84, -84, -85, -85, -85, -85, -85, -86, -86, -86, -86, -86, -85, -84, -85, -84, -84, -84, -84, -84, -84, -84, -84, -84, -84, -84, -84, -84, -84, -84, -84, -83, -84, -84, -84, -84, -84, -84, -84, -85, -85, -85, -85, -85, -84, -84, 
2c:59:e5:b7:45:4c, 2437, HP-Print-4C-Officejet Pro X576dw, -87, -87, -87, -87, -87, -88, -88, -88, -87, -87, -87, -87, -87, -87, -87, -89, -89, -89, -89, -89, -86, -86, -86, -86, -87, -87, -87, -86, -86, -87, -87, -87, -88, -88, -88, -88, -88, -88, -84, -84, -84, -84, -84, -88, -88, -88, -88, -88, -90, -90, -87, -87, -87, -87, -87, -87, -87, -89, -89, -89, -87, -87, -87, -87, -89, -89, -89, -89, -89, -87, -87, -87, -87, -87, -87, -87, 
ec:c8:82:7a:df:65, 2412, Alumni, -63, -63, -63, -63, -59, -59, -59, -59, -59, -59, -59, -63, -63, -63, -63, -71, -71, -71, -71, -67, -67, -67, -67, -67, -66, -66, -66, -62, -62, -62, -62, -62, -59, -59, -59, -59, -59, -60, -60, -60, -60, -60, -60, -57, -57, -57, -59, -59, -59, -59, -59, -59, -59, -64, -64, -64, -64, -64, -64, -64, -64, -63, -63, -63, -63, -63, -63, 
ec:c8:82:7a:3f:d5, 2462, Alumni, -67, -67, -67, -67, -67, -67, -67, -67, -73, -73, -73, -73, -73, -66, -66, -66, -66, -66, -72, -72, -72, -72, -72, -69, -69, -65, -67, -67, -67, -67, -67, -67, -67, -67, -67, -67, -67, -67, -67, -67, 
00:1d:70:92:dc:b5, 2462, Alumni, -67, -67, -67, -67, -67, -67, -67, -67, -65, -65, -65, -65, -65, -67, -67, -67, -67, -67, -64, -64, -64, -64, -64, -66, -66, -67, -67, -67, -67, -68, -68, -68, -68, -68, -70, -70, -70, -70, -70, -67, -67, -67, -67, -67, -67, -67, -67, -67, -67, -67, -67, -67, -67, -68, -68, -68, -68, -67, -67, -67, -67, -67, 
34:bd:c8:db:a8:12, 2412, Universities WiFi, -79, -79, -79, -79, -79, -81, -81, -81, -81, -81, -78, -78, -78, -78, -78, -76, -76, -76, -76, -76, -77, -77, -77, -77, -77, -81, -81, -81, -81, -81, 
00:25:84:86:5a:00, 2412, sMobileNet, -81, -81, -81, -81, -81, -79, -79, -79, -79, -79, -81, -81, -81, -81, -81, -81, -81, -81, -81, -81, -81, -81, -81, -81, 
30:37:a6:a5:3e:04, 2412, sMobileNet, -84, -84, -84, -84, -84, -83, -83, -83, -83, -83, -83, -83, -83, -83, -83, 
00:e0:4c:81:86:86, 2442, RTL8186-default, -86, -86, -86, -86, -86, -90, -90, -90, -90, -92, -92, -92, -92, -92, -92, -92, -92, -92, -92, -87, -87, -87, -87, -91, -91, -91, -91, -91, -89, -89, -89, -89, -89, -90, -90, -90, -90, -90, -91, -91, -91, -90, 
ec:c8:82:7a:dc:b0, 2462, sMobileNet, -78, -78, -78, -78, -78, -76, -76, -76, -76, -76, -75, -75, -75, -75, -76, -76, -76, -76, -76, -76, -76, -76, -77, -78, -78, -78, -78, -78, -82, -82, -78, -78, -78, -78, -78, -75, -75, -75, -75, -75, -75, -78, -78, -78, -78, -76, -76, -76, -77, -77, -77, -77, -77, -77, -77, -77, -75, -75, -75, -75, -75, -75, -75, -75, -78, -78, -76, -76, -76, -76, -77, -77, -77, -77, -77, 
ec:c8:82:7a:e1:65, 2412, Alumni, -68, -68, -68, -68, -68, -64, -64, -64, -64, -67, -66, -66, -65, -65, -65, -65, -65, -68, -70, -70, -68, -67, -67, -67, -66, -66, -66, -66, -65, -65, -65, -65, -65, -69, -69, -69, -69, -69, -64, -64, -64, -65, -65, -67, -66, -66, -66, -66, -65, -67, -67, -67, -67, -67, -66, -66, -66, -66, -66, -66, -66, -66, -68, -68, -68, -68, -65, -65, -65, -65, -65, -67, 
34:bd:c8:db:57:80, 2437, sMobileNet, -78, -78, -78, -78, -78, -79, -79, -79, -79, -79, -77, -77, -77, -77, -77, -77, -77, -77, -77, -77, -77, -76, 
28:93:fe:f4:b1:0e, 5745, PCCW, -83, -83, -83, -81, -81, -81, -82, -82, -82, -82, -82, -81, -81, -83, -83, -83, -83, -83, -83, -83, -83, -83, -83, -83, -83, -83, -83, -83, -83, -83, -84, -84, -84, 
34:bd:c8:e3:3b:2c, 5320, Universities WiFi, -75, -75, -75, -75, -75, 
b4:b5:2f:12:39:ba, 2437, HP-Print-BA-Officejet Pro 8600, -88, -88, -88, -88, -88, -92, -92, -92, -92, -93, -93, -92, -92, -92, -92, -92, -91, -91, -91, -91, -91, -93, -93, -93, -93, -93, -93, -93, -93, -93, -93, 
00:1d:70:92:dc:b3, 2462, eduroam, -69, -69, -69, -69, -69, -70, -70, -70, -70, -70, -68, -68, -68, -68, -68, -69, -69, -69, -69, -69, -69, -69, -69, -69, -69, -69, -69, -69, -69, -69, -69, -69, -69, -69, -69, -69, -69, -69, -69, -69, -69, -69, -69, -69, -69, -69, -69, -69, -69, 
02:24:74:59:a4:a8, 2457, HP795E95, -92, -92, -92, -92, -92, -90, -90, -90, -90, -90, -89, -89, -89, -89, -89, -89, -89, -89, -91, -91, -91, -91, -91, -91, -91, -91, -91, -91, -90, -90, -89, -89, -89, 
30:37:a6:a5:3e:02, 2412, Universities WiFi, -82, -82, -82, -82, -82, 
9c:af:ca:48:86:0f, 5745, Y5ZONE, -84, -84, -84, -84, -84, -84, -84, -84, -84, -84, -85, -85, -84, -84, -84, -84, -84, -84, -84, -84, -84, -84, -84, -84, -84, -84, -84, -84, -84, -84, -84, -83, -83, -84, -84, -84, -84, -84, -84, -84, -84, -84, -84, -83, -83, -83, -83, -83, 
28:93:fe:f4:b1:0a, 5745, Alumni, -82, -84, -84, -84, -84, -82, -82, 
28:93:fe:f4:b1:0f, 5745, Y5ZONE, -82, -82, -82, -82, -82, -82, -82, -82, 
28:93:fe:f4:b1:0b, 5825, sMobileNet, -81, -81, -81, -81, -79, -80, -80, -80, -80, -80, -83, -80, -80, -80, -80, -80, -79, -79, -79, -79, -79, -79, -81, -81, -79, -79, -81, -80, -80, -80, -80, -80, -80, -80, -80, -80, -82, -82, -82, -82, -82, -81, -81, -80, -80, -80, -81, -81, -82, -82, -82, -82, -82, -80, -80, -80, -80, -80, -80, -80, -80, -80, -80, 
34:bd:c8:e3:3b:23, 2462, Universities WiFi, -80, -80, -80, -80, -80, -79, -79, -79, -79, -79, -79, -79, -79, -79, -79, -79, -79, -79, -79, -79, -79, -79, -79, -79, -79, 
28:93:fe:f4:b1:0d, 5745, Universities WiFi, -82, -82, -83, -83, -83, 
34:bd:c8:e3:3b:2f, 5320, eduroam, -76, -76, -76, -76, -76, 
ec:c8:82:7a:e4:70, 2412, sMobileNet, -78, -78, -78, -78, -78, 
28:93:fe:f4:b1:01, 2437, PCCW, -81, -81, -81, -81, -81, 
34:bd:c8:e3:3b:22, 2462, sMobileNet, -81, -81, -81, -81, -81, -81, -81, -81, -81, -81, 
34:bd:c8:db:54:05, 2437, Alumni, -82, -82, -82, -82, -82, 
34:bd:c8:db:a8:13, 2412, eduroam, -80, -80, -80, -80, -80, -80, -80, -80, 
00:23:eb:3a:93:f4, 2437, sMobileNet, -82, -82, -82, -82, -82, 
ec:c8:82:7a:e4:75, 2412, Alumni, -84, -84, -84, -84, -84, 
