7c:e9:d3:7f:0c:9f, 6, HP-Print-9F-LaserJe, -82, -82, -82, -82, 0, 0, 0, 0, 0, 0, 0, 0, 0, 0, 0, 0, 0, 0, 0, 0, 0, 0, 0, 0, 0, 0, 0, 0, 0, 0, 0, 0, 0, 0, 0, 0, 0, 0, 0, 0, 0, 0, 0, 0, 0, 0, 0, 0, 0, 0, 0, 0, 0, 0, 0, 0, 0, 0, 0, 0, 0, 0, 0, 0, 0, 0, 0, 0, 0, 0, 0, 0, 0, 0, 0, 0, 0, 0, 0, 0, 0, 0, 0, 0, 0, 0, 0, 0, 0, 0, 0, 0, 0, 0, 0, 0, 0, 0, 0, 0, 0, 0, 0, 0, 0, 0, 0, 0, 0, 0, 0, 0, 0, 0, 0, 0, 0, 0, 0, 0, 0, 0, 0, 0, 0, 0, 0, 0, 0, 0, 0, 0, 0, 0, 0, 0, 0, 0, 0, 0, 0, 0, 0, 0, 0, 0, 0, 0, 0, 0, 0, 0, 0, 0, 0, 0, 0, 0, 0, 0, 0, 0, 0, 0, 0, 0, 0, 0, 0, 0, 0, 0, 0, 0, 0, 0, 0, 0, 0, 0, 0, 0, 0, 0, 0, 0, 0, 0, 0, 0, 0, 0, 0, 0, 0, 0, 0, 0, 0, 0, 
00:23:eb:0a:99:ef, 56, sMobileNet, -78, -74, -76, -79, -72, -77, -75, -74, -77, -78, -77, -75, -75, -77, -79, -76, -75, -76, -76, -77, -82, -78, -69, -77, -74, -75, -78, -72, -75, -77, -77, -76, -76, -75, -70, -75, -75, -76, -76, -71, -74, -75, -77, -77, -78, -67, -67, -78, -72, -78, -80, -81, -76, -79, -74, -74, -74, -76, -76, -74, -76, -74, -75, -80, -76, -75, -77, -78, -77, -77, -77, -80, -78, -75, -74, -77, -75, -75, -73, -74, -75, -77, -76, -79, -67, -76, -73, -75, -77, -76, -76, -76, -77, -76, -71, -74, -75, -75, -63, -76, -75, -74, -75, -74, -75, -77, -76, -75, -76, -76, -76, -75, -81, -73, -74, -75, -76, -72, -73, -73, -79, -78, -76, -80, -78, -78, -73, -78, -75, -75, -75, -74, -73, -75, -72, -76, -75, -77, -77, -76, -74, -74, -73, -73, -72, -74, -73, -73, -73, -76, -76, -78, -79, -75, -76, -76, -76, -75, -76, -75, -73, -74, -76, -74, -74, -79, -70, -76, -77, -74, -76, -74, -74, -74, -74, -72, -74, -74, -76, -75, -75, -74, -75, -69, -72, -72, -72, -72, -73, -76, -75, -77, -75, -73, -77, -77, -79, -71, -74, -77, 
00:23:eb:0b:4b:8f, 161, sMobileNet, -71, -72, -75, -73, -71, -79, -71, -72, -70, -70, -73, -72, -72, -69, -69, -69, -68, -70, -70, -69, -69, -68, -69, -71, -71, -70, -70, -71, -72, -70, -68, -69, -70, -74, -69, -68, -70, -69, -70, -71, -72, -70, -72, -74, -70, -71, -71, -71, -73, -81, -71, -75, -78, -78, -75, -74, -75, -75, -74, -74, -74, -74, -76, -76, -74, -74, -74, -79, -76, -73, -78, -73, -73, -72, -73, -72, -75, -72, -72, -70, -69, -71, -73, -72, -72, -73, -72, -73, -73, -76, -74, -74, -71, -73, -76, -73, -72, -72, -73, -75, -75, -75, -73, -75, -74, -81, -72, -75, -74, -71, -72, -73, -72, -69, -74, -71, -73, -73, -73, -72, -77, -72, -76, -76, -71, -72, -72, -75, -77, -75, -73, -74, -79, -74, -73, -70, -73, -75, -74, -69, -72, -68, -68, -68, -73, -69, -69, -68, -69, -74, -75, -74, -76, -78, -73, -74, -78, -76, -78, -76, -75, -74, -73, -70, -71, -72, -70, -75, -72, -74, -71, -74, -73, -77, -74, -71, -74, -72, -71, -74, -68, -69, -71, -70, -71, -72, -74, -74, -72, -71, -75, -75, -68, -72, -73, -72, -73, -72, -72, -74, 
00:25:84:23:00:31, 11, Universitie, -63, -63, -63, -53, -40, -40, -56, -40, -40, -40, -40, -40, -40, -55, -55, -55, -54, -54, -54, -40, -40, -54, -41, -41, -55, -42, -42, -54, -54, -54, -54, -42, -42, -54, -40, -40, -54, -54, -54, -40, -40, -55, -39, -39, -55, -40, -40, -55, -39, -39, -53, -53, -53, -57, -57, -57, -40, -40, -53, -41, -41, -55, -40, -40, -54, -40, -40, -55, -55, -55, -40, -40, -55, -40, -40, -53, -40, -40, -55, -55, -55, -41, -41, -54, -41, -41, -55, -41, -41, -54, -54, -54, -41, -41, -54, -40, -40, -56, -40, -40, -56, -56, -56, -54, -54, -54, -40, -40, -54, -41, -41, -55, -55, -55, -54, -54, -55, -41, -41, -53, -40, -40, -55, -55, -55, -54, -54, -54, -41, -41, -55, -55, -55, -40, -40, -55, -42, -42, -55, -42, -42, -53, -53, -53, -42, -42, -55, -40, -40, -54, -54, -54, -40, -40, -54, -41, -41, -54, -54, -54, -40, -40, -55, -43, -43, -54, -54, -54, -41, -41, -53, -41, -41, -55, -55, -55, -42, -42, -56, -41, -41, -54, -54, -54, -41, -41, -56, -41, -41, -55, -55, -55, -55, -55, -55, -41, -41, -54, -41, -41, 
00:23:eb:0b:09:ff, 40, sMobileNet, -64, -82, -75, -75, -75, -65, -65, -65, -76, -76, -76, -77, -66, -66, -76, -64, -77, -78, -62, -62, -78, -78, -78, -78, -78, -73, -74, -74, -80, -76, -76, -76, -75, -76, -74, -64, -64, -75, -63, -63, -75, -75, -75, -78, -78, -78, -78, -78, -76, -65, -65, -80, -80, -80, -78, -66, -66, -79, -79, -79, -78, -78, -78, -78, -78, -78, -67, -67, -80, -80, -80, -81, -81, -81, -79, -79, -77, -68, -68, -79, -68, -68, -80, -80, -80, -79, -79, -78, -66, -66, -81, -66, -66, -79, -79, -79, -80, -80, -80, -67, -67, -79, -69, -69, -79, -79, -79, -81, -81, -81, -67, -67, -78, -66, -66, -78, -78, -78, -76, -76, -76, -68, -68, -79, -63, -63, -79, -79, -79, -80, -80, -78, -78, -78, -79, -79, -79, -79, -79, -77, -77, -77, -78, -66, -66, -80, -80, -82, -70, -70, -76, -64, -64, -64, -64, -83, -69, -69, -69, -69, -69, -69, -69, -69, -67, -67, -72, -75, -75, -79, -79, -79, -65, -65, -78, -67, -67, -80, -80, -80, -80, -80, -80, -65, -65, -77, -78, -78, -78, -78, -80, -67, -67, -79, -79, -79, -78, -78, -76, -68, 
00:23:eb:0b:09:f0, 1, sMobileNet, -66, -44, -44, -44, -47, -47, -47, -62, -46, -46, -46, -47, -47, -54, -44, -44, -60, -45, -45, -57, -40, -40, -44, -44, -44, -42, -42, -55, -42, -42, -56, -43, -43, -43, -45, -45, -57, -47, -47, -61, -44, -44, -59, -59, -59, -45, -45, -45, -47, -47, -60, -47, -47, -63, -45, -45, -57, -43, -43, -58, -58, -58, -58, -58, -58, -58, -58, -56, -45, -45, -59, -43, -43, -57, -57, -57, -44, -44, -57, -43, -43, -57, -43, -43, -60, -60, -60, -57, -57, -57, -45, -45, -59, -59, -59, -57, -57, -57, -56, -56, -57, -43, -43, -57, -43, -43, -59, -59, -59, -56, -56, -56, -44, -44, -58, -44, -44, -58, -58, -58, -57, -57, -56, -41, -41, -56, -42, -42, -56, -56, -56, -40, -40, -55, -43, -43, -58, -58, -58, -55, -55, -55, -43, -43, -55, -55, -55, -41, -41, -56, -43, -43, -55, -55, -55, -55, -55, -56, -41, -41, -56, -41, -41, -56, -56, -56, -42, -42, -54, -44, -44, -56, -56, -58, -41, -41, -57, -43, -43, -56, -56, -56, -44, -44, -55, -40, -40, -42, -42, -42, -40, -40, -55, -41, -41, -55, -55, -55, -57, -57, 
00:25:84:23:00:3e, 149, Universitie, -67, -67, -67, -67, -67, -67, -66, -68, -67, -67, -67, -67, -68, -67, -67, -67, -67, -67, -66, -67, -66, -67, -67, -67, -66, -66, -67, -66, -67, -66, -67, -66, -67, -67, -67, -66, -66, -67, -67, -67, -67, -67, -67, -68, -67, -67, -68, -67, -67, -67, -67, -67, -68, -67, -67, -67, -68, -67, -66, -67, -68, -67, -67, -68, -67, -67, -68, -67, -68, -67, -67, -68, -67, -67, -68, -67, -67, -66, -67, -67, -67, -67, -67, -67, -67, -67, -67, -67, -67, -67, -68, -67, -67, -67, -67, -67, -66, -67, -66, -68, -67, -67, -67, -67, -66, -67, -67, -67, -67, -67, -67, -68, -67, -66, -67, -66, -67, -67, -67, -68, -68, -67, -67, -67, -67, -67, -66, -67, -67, -67, -68, -67, -67, -67, -67, -68, -67, -67, -67, -66, -66, -67, -67, -67, -67, -67, -67, -67, -67, -67, -67, -67, -67, -67, -67, -68, -67, -67, -67, -68, -68, -66, -67, -67, -67, -66, -67, -67, -67, -67, -67, -67, -67, -67, -67, -68, -68, -66, -67, -67, -66, -67, -67, -67, -67, -67, -67, -68, -67, -67, -67, -67, -68, -68, -67, -68, -67, -66, -67, -68, 
00:25:84:23:00:3f, 149, sMobileNet, -67, -67, -67, -68, -67, -67, -67, -66, -67, -68, -67, -68, -68, -66, -67, -67, -66, -67, -67, -67, -67, -67, -67, -67, -67, -67, -67, -66, -67, -68, -68, -67, -67, -67, -67, -66, -67, -67, -67, -67, -68, -67, -67, -68, -67, -67, -67, -67, -67, -66, -67, -67, -68, -68, -67, -66, -67, -67, -67, -67, -67, -67, -67, -67, -67, -66, -68, -67, -68, -67, -68, -67, -67, -68, -67, -67, -67, -67, -67, -67, -66, -67, -67, -68, -68, -67, -67, -67, -66, -67, -67, -67, -66, -67, -67, -67, -67, -67, -67, -67, -67, -67, -67, -67, -67, -67, -67, -66, -67, -68, -67, -67, -67, -67, -67, -68, -67, -67, -67, -67, -67, -67, -68, -67, -68, -68, -67, -68, -67, -67, -67, -67, -67, -68, -67, -67, -67, -68, -67, -67, -67, -67, -67, -66, -68, -67, -67, -66, -67, -67, -67, -67, -67, -67, -67, -67, -67, -67, -67, -67, -67, -67, -67, -66, -67, -67, -67, -67, -67, -67, -66, -67, -67, -68, -67, -67, -67, -67, -66, -67, -67, -67, -67, -67, -67, -67, -67, -67, -67, -67, -67, -67, -67, -67, -67, -68, -66, -67, -67, -67, 
00:25:84:23:02:1e, 64, Universitie, -47, -46, -48, -46, -46, -46, -46, -46, -46, -47, -46, -45, -45, -45, -46, -47, -46, -48, -44, -47, -46, -46, -46, -45, -48, -46, -46, -47, -46, -47, -46, -46, -46, -48, -47, -46, -46, -46, -47, -47, -49, -46, -45, -45, -47, -47, -47, -45, -45, -46, -48, -47, -48, -47, -48, -46, -49, -46, -46, -47, -45, -46, -46, -48, -46, -47, -46, -46, -46, -48, -47, -46, -45, -48, -47, -47, -46, -46, -48, -45, -46, -45, -47, -47, -46, -46, -47, -46, -46, -46, -47, -46, -47, -46, -46, -48, -46, -48, -46, -46, -46, -46, -48, -44, -46, -46, -61, -45, -46, -47, -46, -48, -48, -47, -47, -47, -46, -46, -47, -46, -48, -47, -46, -49, -48, -48, -48, -48, -48, -48, -47, -47, -46, -46, -46, -46, -46, -46, -46, -47, -46, -46, -46, -46, -46, -48, -46, -47, -47, -48, -47, -47, -49, -47, -49, -47, -50, -46, -46, -47, -48, -48, -48, -50, -47, -47, -45, -47, -47, -47, -46, -47, -48, -45, -47, -47, -48, -48, -47, -46, -46, -48, -46, -47, -47, -47, -47, -45, -46, -46, -46, -48, -47, -46, -46, -62, -49, -46, -48, -47, 
00:25:45:a3:f9:10, 1, sMobileNet, -59, -59, -59, -75, -75, -75, -75, -59, -59, -59, -59, -59, -59, -62, -62, -62, -62, -62, -74, -61, -61, -75, -75, -75, -75, -75, -75, -75, -75, -75, -75, -62, -62, -75, -75, -75, -74, -74, -74, -61, -61, -61, -61, -61, -61, -61, -61, -75, -75, -75, -75, -75, -75, -59, -59, -59, -59, -59, -73, -58, -58, -58, -58, -58, -72, -72, -72, -74, -74, -74, -60, -60, -74, -74, -74, -73, -73, -73, -73, -73, -73, -59, -59, -59, -60, -60, -74, -74, -74, -73, -73, -73, -58, -58, -73, -73, -73, -73, -61, -61, -75, -75, -75, -59, -59, -72, -72, -72, -72, -72, -72, -72, -72, 0, -61, -61, -61, -61, -61, -74, -74, -74, -75, -75, -75, -59, -59, -59, -60, -60, -59, -59, -59, -59, -59, -59, -59, -59, -73, -73, -73, -73, -73, -75, -60, -60, -60, -60, -60, -72, -72, -73, -59, -59, -72, -72, -72, -75, -75, -75, -75, -75, -73, -73, -73, -73, -73, -73, -73, -73, -75, -75, -75, -75, -75, -60, -61, -61, -73, -60, -60, -60, -60, -60, -60, -60, -75, -61, -61, -61, -61, -61, -59, -59, -74, -74, -74, -73, -73, -73, 
ec:c8:82:7a:df:61, 1, PCCW, -65, -76, -76, -76, -76, -78, -78, -77, -77, -78, -75, -75, -75, -65, -78, -78, -78, -78, -78, -78, -78, -78, -78, -64, -78, -78, -77, -78, -78, -78, -65, -79, -79, -78, -78, -78, -78, -78, -78, -77, -77, -78, -78, -79, -77, -77, -77, -65, -78, -78, -78, -78, -78, -78, -78, -78, -65, -77, -78, -77, -77, -78, -78, -77, -78, -78, -78, -77, -77, -77, -77, -77, -77, -77, -77, -78, -78, -78, -65, -65, -78, -77, -77, -77, -77, -77, -78, -78, -77, -64, -64, -64, -78, -77, -77, -79, -79, -79, -79, -79, -64, -64, -64, -64, -64, -77, -77, -77, -77, -77, -77, -78, -77, -78, -78, -78, -77, -77, -77, -78, -78, -78, -78, -78, -78, -64, -64, -77, -77, -64, -64, -64, -64, -64, -64, -78, -77, -77, -77, -77, -77, -77, -77, -77, -77, -77, -77, -77, -64, -64, -64, -79, -79, -78, -78, -78, -65, -64, -78, -78, -65, -65, -65, -65, -65, -79, -79, -79, -79, -79, -79, -79, -79, -78, -78, -78, -64, -78, -78, -78, -78, -78, -78, -65, -79, -79, -79, -64, -78, -78, -77, -78, -65, -65, -78, -78, -78, -78, -78, -78, 
ec:c8:82:7a:df:63, 1, Y5ZONE, -78, -77, -77, -77, -79, -78, -78, -78, -78, -78, -78, -64, -64, -64, -78, -78, -78, -78, -78, -78, -78, -78, -78, -64, -77, -77, -78, -79, -65, -65, -79, -79, -79, -77, -78, -78, -78, -78, -64, -77, -77, -77, -77, -77, -79, -79, -79, -78, -78, -78, -78, -78, -78, -78, -78, -78, -79, -79, -77, -77, -77, -77, -77, -79, -78, -78, -78, -79, -78, -78, -78, -78, -78, -78, -78, -77, -77, -77, -78, -78, -77, -77, -77, -77, -78, -78, -77, -77, -78, -78, -78, -78, -78, -78, -77, -77, -77, -77, -64, -64, -64, -64, -64, -78, -78, -78, -78, -78, -77, -65, -65, -77, -77, -77, -77, -77, -77, -78, -78, -78, -78, -78, -77, -77, -77, -77, -77, -78, -78, -78, -78, -78, -78, -78, -78, -78, -65, -65, -77, -65, -65, -65, -65, -65, -78, -78, -78, -64, -64, -78, -78, -78, -78, -78, -77, -77, -78, -78, -79, -78, -79, -79, -79, -79, -79, -79, -65, -65, -65, -65, -65, -78, -78, -78, -65, -65, -78, -78, -77, -64, -77, -77, -78, -64, -78, -64, -64, -65, -78, -78, -77, -79, -79, -79, -78, -77, -77, -78, -80, -77, 
ec:c8:82:7a:df:65, 1, Alumni, -78, -77, -77, -77, -77, -77, -77, -77, -64, -64, -64, -64, -64, -78, -65, -65, -65, -66, -66, -66, -66, -66, -66, -66, -66, -66, -66, -66, 0, 0, 0, 0, 0, 0, 0, 0, 0, 0, 0, 0, 0, 0, 0, 0, 0, 0, 0, 0, 0, 0, 0, 0, 0, 0, 0, 0, 0, -63, -63, -63, -63, -63, -63, -63, -63, 0, 0, 0, -66, -66, -66, -65, -65, -78, -78, -78, -78, -78, -78, -78, -78, -77, -64, -64, -64, -64, -64, -64, -64, -64, 0, 0, -77, -77, -77, -77, -77, -77, -77, -77, 0, -78, -78, -78, -65, -65, -65, -65, -65, -65, -65, -65, -65, -65, -77, -77, -77, -77, -77, -77, -78, -78, -78, -64, -64, -78, -65, -65, -78, -78, -78, -65, -65, -65, -65, -65, -65, -65, -65, -77, -77, -77, -65, -65, -65, -65, -65, -65, -65, -65, -65, -65, -65, 0, 0, -77, -77, -77, -77, -77, -80, -65, -65, -65, -65, -65, -65, -65, -65, -65, -65, -65, -65, -65, -64, -64, -64, -64, -64, -78, -78, -78, -64, -64, -77, -64, -64, -64, -64, -64, -77, -77, -78, -65, -65, -77, -77, -77, -77, -77, 
00:19:be:00:05:b0, 6, MtrecA8, -66, -66, -65, -65, -66, -66, -66, -66, -66, -66, -81, -81, -84, -84, -68, -68, -68, -68, -68, -65, -65, -65, -65, -65, -65, -65, -65, 0, 0, 0, 0, 0, 0, 0, 0, 0, -77, -77, -74, -81, -81, -81, -78, -74, -71, -71, -64, -64, -64, -64, -64, -64, -64, -64, 0, 0, 0, 0, 0, 0, 0, -84, -84, -86, -86, -81, -81, -66, -71, -69, -69, -64, -64, -64, -64, -64, -64, -64, -64, 0, -77, -81, -83, -83, -79, -79, -80, -87, -73, -68, -67, -67, -67, -67, -67, -67, -67, -67, 0, 0, 0, -72, -83, -81, -81, -82, -81, -77, -67, -71, -70, -67, -67, -67, -67, -67, -67, -67, -67, 0, 0, 0, -84, -84, -87, -87, -87, -87, -66, -71, -71, -71, -71, -71, -71, -71, -71, 0, 0, -84, -84, -76, -83, -86, -86, -72, -72, -72, -72, -72, -72, -72, -72, 0, -84, -81, -83, -87, -87, -87, -70, -70, -71, -75, -75, -75, -75, -75, -75, -75, -75, -83, -83, -78, -78, -78, -65, -65, -71, -71, -71, -71, -71, -71, -71, -71, 0, 0, -81, 0, 0, -85, -85, -68, -68, -68, -68, -68, -68, -68, 
00:25:84:23:02:11, 6, Universitie, -62, -59, -62, -60, -61, -60, -60, -61, -62, -60, -61, -62, -62, -61, -61, -61, -61, -61, -60, -60, -60, -61, -61, -60, -60, -61, -61, -62, -62, -61, -60, -63, -62, -62, -46, -62, -61, -62, -59, -60, -60, -60, -61, -61, -61, -60, -61, -62, -46, -46, -60, -60, -62, -61, -61, -61, -46, -62, -60, -60, -61, -60, -45, -61, -60, -61, -61, -60, -59, -59, -46, -60, -62, -61, -61, -59, -46, -63, -62, -63, -61, -61, -61, -62, -61, -61, -62, -62, -62, -61, -61, -61, -61, -62, -62, -62, -62, -63, -46, -62, -62, -61, -62, -61, -61, -60, -61, -61, -62, -61, -62, -46, -62, -61, -61, -62, -62, -61, -61, -62, -62, -62, -62, -62, -61, -61, -62, -61, -61, -62, -61, -60, -60, -63, -62, -61, -63, -62, -62, -45, -61, -61, -61, -61, -45, -45, -61, -46, -46, -61, -60, -61, -62, -62, -62, -62, -60, -61, -61, -61, -46, -62, -62, -62, -61, -61, -61, -61, -46, -61, -62, -62, -62, -61, -61, -61, -63, -61, -61, -62, -60, -62, -62, -61, -61, -46, -61, -62, -62, -61, -61, -60, -44, -60, -61, -45, -61, -61, -60, -45, 
00:25:84:23:02:10, 6, sMobileNet, -63, -60, -60, -61, -60, -61, -61, -62, -62, -60, -60, -61, -62, -62, -62, -60, -60, -61, -61, -61, -62, -60, -60, -60, -61, -61, -62, -62, -63, -61, -60, -63, -62, -62, -62, -62, -61, -62, -59, -60, -60, -44, -61, -61, -62, -60, -60, -61, -61, -46, -61, -60, -62, -61, -61, -45, -45, -62, -60, -60, -61, -61, -61, -60, -60, -60, -61, -61, -59, -46, -46, -60, -62, -61, -60, -59, -59, -62, -62, -62, -61, -61, -61, -46, -61, -61, -61, -61, -62, -60, -61, -45, -61, -61, -62, -61, -62, -62, -62, -62, -62, -62, -61, -61, -62, -46, -62, -62, -63, -62, -61, -61, -63, -63, -62, -61, -62, -62, -62, -61, -61, -61, -62, -61, -61, -61, -62, -61, -62, -61, -61, -61, -45, -45, -62, -62, -62, -62, -61, -61, -62, -61, -61, -62, -47, -46, -46, -46, -62, -61, -61, -61, -61, -62, -63, -61, -59, -61, -60, -61, -61, -61, -61, -62, -60, -61, -61, -46, -46, -62, -62, -62, -62, -60, -62, -46, -62, -60, -61, -62, -61, -61, -61, -61, -61, -46, -61, -63, -61, -61, -60, -61, -45, -60, -61, -61, -60, -62, -61, -46, 
00:25:84:23:01:41, 11, Universitie, -71, -60, -60, -71, -61, -61, -72, -72, -62, -62, -69, -59, -59, -70, -70, -70, -70, -60, -60, -71, -71, -71, -60, -60, -72, -61, -70, -70, -59, -59, -59, -59, -59, -69, -59, -59, -67, -60, -60, -71, -71, -71, -73, -73, -73, -61, -61, -72, -61, -61, -72, -72, -72, -75, -75, -75, -73, -73, -71, -71, -71, -71, -71, -71, -72, -61, -61, -72, -61, -61, -61, -61, -61, -61, -61, -70, -59, -59, -70, -59, -59, -59, -59, -59, -59, -59, -70, -59, -59, -71, -71, -71, -70, -70, -70, -69, -69, -72, -58, -58, -70, -59, -59, -70, -70, -70, -70, -70, -70, -59, -59, -70, -60, -60, -67, -67, -67, -60, -60, -71, -59, -59, -71, -59, -59, -70, -70, -70, -70, -70, -71, -59, -59, -70, -70, -70, -61, -61, -70, -59, -59, -70, -59, -59, -70, -70, -70, -59, -59, -70, -70, -70, -70, -70, -70, -60, -60, -71, -71, -71, -69, -69, -69, -58, -58, -70, -58, -58, -69, -69, -69, -58, -58, -71, -59, -59, -70, -70, -70, -62, -62, -69, -58, -58, -69, -69, -69, -60, -60, -70, -61, -61, -72, -72, -72, -59, -59, -68, -59, -59, 
00:25:84:23:02:1f, 64, sMobileNet, -47, -45, -46, -46, -47, -47, -47, -47, -46, -47, -46, -47, -45, -45, -46, -46, -47, -47, -47, -46, -46, -45, -45, -45, -46, -48, -46, -48, -45, -47, -45, -46, -46, -48, -47, -46, -47, -47, -62, -46, -46, -46, -45, -47, -45, -46, -44, -44, -45, -46, -46, -46, -46, -46, -45, -45, -46, -47, -45, -45, -46, -45, -45, -45, -46, -46, -48, -46, -47, -47, -47, -45, -47, -46, -46, -46, -45, -45, -45, -47, -45, -46, -46, -45, -46, -46, -46, -47, -46, -46, -46, -45, -45, -46, -46, -48, -45, -46, -46, -46, -45, -47, -47, -46, -45, -46, -46, -46, -45, -46, -46, -48, -48, -48, -48, -47, -49, -46, -48, -45, -47, -47, -48, -48, -47, -47, -49, -48, -50, -47, -48, -46, -46, -47, -46, -46, -46, -46, -46, -46, -47, -46, -46, -46, -45, -48, -47, -48, -48, -47, -48, -48, -47, -47, -46, -47, -46, -47, -47, -47, -47, -48, -47, -47, -47, -47, -45, -45, -48, -46, -48, -47, -46, -46, -45, -47, -47, -48, -48, -46, -47, -49, -47, -46, -45, -47, -47, -47, -46, -47, -46, -46, -48, -46, -45, -47, -46, -47, -46, -47, 
00:23:eb:0a:99:e0, 6, sMobileNet, 0, 0, -59, -59, -59, -59, -59, -59, -59, -73, -73, -73, -59, -59, -76, -76, -76, -75, -75, -75, -77, -77, -77, -74, -74, -74, -74, -74, -74, -74, -74, 0, -73, -73, -73, -75, -75, -71, -61, -61, -74, -63, -63, -77, -77, -77, -77, -77, -77, -74, -74, -78, -63, -63, -79, -60, -60, -76, -76, -76, -75, -60, -60, -77, -77, -77, -77, -77, -77, -63, -63, -76, -60, -60, -60, -60, -60, -73, -73, -73, -73, -73, -74, -62, -62, -71, -71, -71, -75, -75, -73, -56, -56, -75, -60, -60, -76, -76, -76, -75, -75, -75, -59, -59, -75, -61, -61, -77, -77, -77, -74, -74, -74, -59, -59, -76, -58, -58, -76, -57, -57, -75, -75, -75, -75, -75, -75, -61, -61, -77, -77, -77, -62, -62, -74, -60, -60, -78, -78, -78, -77, -77, -77, -61, -61, -61, -61, -61, -61, -61, -61, -61, -61, -78, -78, -78, -74, -74, -74, -57, -57, -74, -59, -59, -76, -76, -73, -56, -56, -76, -76, -76, -76, -76, -76, -60, -60, -73, -59, -59, -77, -77, -77, -77, -77, -73, -63, -63, -73, -73, -73, -73, -73, -74, -74, -74, -75, -75, -75, -75, 
00:25:84:23:00:30, 11, sMobileNet, 0, 0, -41, -41, -41, -41, -41, -41, -54, -42, -42, -56, -40, -40, -54, -41, -41, -54, -41, -41, -54, -54, -54, -54, -54, -54, -42, -42, -53, -40, -40, -40, -53, -53, -53, -42, -42, -54, -40, -40, -54, -41, -41, -54, -54, -54, -54, -54, -54, -40, -40, -55, -40, -40, -54, -41, -41, -54, -54, -54, -55, -55, -55, -54, -54, -54, -54, -54, -54, -41, -41, -56, -41, -41, -54, -54, -54, -41, -41, -54, -41, -41, -54, -40, -40, -55, -55, -55, -42, -42, -54, -40, -40, -53, -53, -53, -54, -54, -54, -55, -55, -54, -40, -40, -53, -40, -40, -54, -54, -54, -54, -54, -54, -40, -40, -54, -40, -40, -56, -56, -56, -41, -41, -54, -41, -41, -54, -41, -41, -55, -55, -55, -42, -42, -55, -40, -40, -54, -54, -54, -54, -54, -53, -40, -40, -54, -54, -54, -42, -42, -53, -41, -41, -54, -54, -54, -40, -40, -54, -41, -41, -54, -54, -54, -54, -54, -54, -40, -40, -54, -54, -54, -42, -42, -54, -41, -41, -54, -54, -54, -41, -41, -55, -40, -40, -54, -42, -42, -57, -57, -55, -41, -41, -55, -42, -42, -55, -55, -55, -42, 
00:23:eb:0b:4b:80, 11, sMobileNet, 0, 0, -47, -47, -47, -44, -44, -44, -63, -48, -48, -48, -52, -52, -67, -48, -48, -62, -48, -48, -65, -51, -51, -64, -64, -64, -51, -51, -51, -49, -49, -49, -60, -60, -60, -61, -61, -63, -63, -63, -63, -48, -48, -64, -64, -64, -66, -66, -66, -52, -52, -66, -53, -53, -65, -49, -49, -64, -64, -64, -63, -50, -50, -65, -65, -65, -62, -62, -68, -53, -53, -53, -49, -49, -62, -62, -62, -63, -63, -63, -50, -50, -63, -48, -48, -63, -63, -63, -48, -48, -62, -51, -51, -64, -50, -50, -63, -63, -63, -62, -62, -62, -49, -49, -63, -50, -50, -65, -65, -65, -63, -63, -63, -49, -49, -63, -48, -48, -62, -62, -62, -62, -62, -63, -50, -50, -62, -50, -50, -62, -62, -62, -50, -50, -61, -50, -50, -50, -50, -50, -62, -62, -63, -49, -49, -63, -63, -63, -49, -49, -60, -48, -48, -67, -67, -67, -52, -52, -65, -53, -53, -53, -50, -50, -62, -62, -62, -49, -49, -60, -60, -60, -62, -62, -62, -48, -48, -63, -48, -48, -49, -49, -63, -48, -48, -61, -51, -51, -62, -62, -62, -62, -62, -65, -48, -48, -63, -63, -63, -62, 
00:25:84:23:01:40, 11, sMobileNet, 0, 0, -71, -58, -58, -59, -57, -57, -57, -57, -57, -57, -70, -70, -70, -70, -70, -70, -60, -60, -70, -60, -60, -67, -72, -72, -70, -70, -70, -70, -70, -70, -69, -59, -59, -70, -70, -70, -64, -64, -72, -61, -61, -72, -61, -61, -71, -71, -71, -73, -73, -71, -71, -71, -75, -63, -63, -69, -61, -61, -75, -57, -57, -72, -72, -72, -70, -70, -70, -58, -58, -70, -62, -62, -69, -59, -59, -70, -70, -70, -59, -59, -69, -59, -59, -70, -59, -59, -70, -70, -71, -59, -59, -70, -59, -69, -71, -59, -59, -71, -71, -71, -59, -59, -70, -59, -59, -70, -59, -59, -70, -70, -70, -59, -59, -73, -59, -59, -70, -60, -60, -70, -70, -70, -70, -70, -70, -59, -59, -70, -70, -70, -70, -70, -70, -59, -59, -71, -59, -59, -59, -59, -59, -59, -59, -59, -58, -58, -70, -70, -70, -59, -59, -70, -60, -60, -60, -60, -70, -70, -70, -69, -69, -69, -69, -69, -69, -59, -59, -70, -59, -59, -69, -69, -69, -58, -58, -71, -61, -61, -72, -72, -72, -69, -69, -68, -59, -59, -70, -70, -70, -70, -70, -71, -71, -71, -71, -71, -71, -70, 
34:bd:c8:db:57:80, 1, sMobileNet, 0, 0, 0, 0, -78, -78, -78, -78, -78, -78, -78, -78, -78, 0, 0, 0, 0, 0, 0, 0, 0, 0, 0, 0, 0, 0, 0, 0, 0, 0, 0, 0, 0, 0, 0, 0, 0, 0, 0, 0, 0, 0, -66, -66, -66, -66, -66, -66, -66, -66, 0, 0, 0, 0, 0, 0, 0, 0, 0, 0, 0, 0, 0, -80, -80, -80, -80, -81, -81, -81, -81, -81, -78, -78, -78, -78, -78, -78, -78, -78, 0, 0, 0, 0, 0, 0, 0, 0, 0, 0, 0, 0, 0, 0, 0, 0, 0, 0, 0, 0, -79, -79, -79, -79, -79, -79, -79, -79, -79, -79, -79, -79, -79, -79, -79, -79, -79, 0, 0, -79, -79, -79, -79, -79, -79, -79, -79, -80, -78, -78, -78, -78, -78, -78, -78, -78, -78, 0, 0, 0, 0, 0, 0, 0, 0, 0, 0, 0, 0, 0, 0, 0, 0, 0, 0, 0, 0, 0, 0, 0, 0, 0, 0, 0, 0, 0, 0, 0, 0, 0, 0, 0, 0, 0, 0, 0, 0, -79, -79, -79, -79, -79, -79, -79, -79, -79, 0, 0, 0, 0, 0, 0, 0, 0, 0, 0, 0, 0, 0, -79, 
ec:c8:82:7a:df:60, 1, sMobileNet, 0, 0, 0, 0, 0, -64, -64, -64, -77, -77, -77, -77, -77, -77, -77, -77, -77, -78, -78, -78, -78, -78, -78, -78, -78, -78, -65, -65, -79, -79, -79, -79, -64, -64, -64, -64, -64, -78, -78, -78, -76, -76, -76, -64, -64, -79, -62, -62, -77, -77, -77, -77, -77, -77, -77, -77, 0, 0, 0, 0, -78, -78, -78, -78, -78, -78, -78, -78, -78, -64, -64, -77, -77, -77, -77, -77, -77, -77, -77, 0, 0, 0, 0, 0, 0, 0, 0, -79, -79, -79, -79, -79, -79, -79, -79, 0, -65, -65, -78, -78, -78, -78, -78, -78, -78, -78, 0, 0, 0, 0, 0, 0, -78, -78, -78, -78, -78, -78, -64, -64, -64, -64, -64, -79, -79, -79, -79, -79, -79, -79, -79, 0, 0, 0, 0, 0, 0, -64, -64, -64, -64, -64, -79, -79, -79, -66, -66, -66, -66, -66, -66, -66, -66, 0, 0, 0, 0, 0, 0, 0, 0, -77, -77, -77, -77, -77, -77, -77, -77, -79, -79, -79, -64, -64, -79, -79, -79, -78, -78, -77, -64, -64, -79, -79, -79, -79, -79, -79, -66, -66, -77, -77, -77, -78, -78, -78, -78, -78, -79, -64, 
ec:c8:82:7a:df:64, 1, eduroam, 0, 0, 0, 0, 0, -77, -77, -77, -77, -65, -65, -77, -77, -77, -78, -78, -78, -78, -78, -78, -78, -78, 0, 0, 0, 0, 0, 0, 0, 0, 0, 0, -77, -77, -77, -77, -77, -77, -77, -77, 0, 0, 0, -78, -78, -78, -78, -78, -78, -64, -64, -64, -64, -64, -64, -64, -64, 0, 0, 0, 0, 0, 0, -78, -78, -78, -78, -78, -77, -64, -64, -64, -64, -64, -78, -78, -78, -65, -65, -78, -78, -78, -76, -76, -76, -78, -78, -78, -66, -66, -66, -65, -65, -65, -65, -65, -65, -65, -65, -79, -79, -79, -66, -66, -66, -66, -66, -66, -66, -66, -65, -65, -65, -65, -65, -65, -64, -64, -64, -64, -64, -78, -78, -78, -64, -64, -79, -79, -79, -79, -79, -79, -65, -65, -65, -65, -65, -65, -65, -65, 0, 0, 0, 0, 0, -84, -84, -84, -84, -84, -77, -65, -65, -78, -78, -78, -64, -64, -64, -64, -64, -64, -64, -64, -78, -78, -78, -78, -78, -77, -77, -77, -65, -65, -78, -64, -64, -78, -78, -78, -65, -65, -65, -65, -65, -65, -65, -65, -79, -79, -79, -64, -64, -78, -65, -65, -65, -65, -65, -64, 
ec:c8:82:7a:df:6c, 161, Y5ZONE, 0, 0, 0, 0, 0, 0, -85, -85, -85, -85, -85, -85, -85, -85, -85, -85, 0, 0, 0, 0, 0, 0, 0, 0, 0, 0, 0, 0, 0, 0, -85, -81, -81, -81, -80, -80, -80, -80, -80, -80, -80, -80, -80, 0, 0, -85, -85, -84, -81, -81, -81, -81, -81, -81, -81, -85, -85, -85, -85, -85, -87, -85, -85, -85, -85, -85, -85, -85, -85, -85, 0, 0, -85, -81, -81, -81, -81, -81, -81, -85, -85, -85, -85, -85, -85, -86, -86, -86, -86, -85, -85, -85, -85, -85, -85, -85, -85, -85, 0, 0, 0, -80, -80, -80, -80, -80, -80, -80, -80, -80, 0, 0, 0, 0, -85, -85, -85, -85, -85, -85, -85, -85, -85, 0, 0, -85, -85, -85, -85, -85, -85, -85, -85, -85, 0, 0, 0, 0, -85, -82, -82, -82, -82, -82, -82, -82, -82, -79, -79, -79, -79, -79, -85, -85, -85, -85, -85, -85, -85, -85, -85, 0, 0, -79, -79, -79, -79, -79, -86, -86, -86, -78, -78, -86, -86, -86, -86, -86, -86, -86, -86, -86, 0, 0, 0, 0, 0, 0, 0, 0, -80, -80, -80, -80, -80, -85, -85, -85, -81, -81, 
00:25:84:22:ff:80, 1, sMobileNet, 0, 0, 0, 0, 0, 0, 0, -78, -78, -78, -78, -78, -78, -78, -78, 0, 0, 0, 0, 0, 0, 0, 0, 0, 0, 0, 0, 0, 0, 0, 0, 0, 0, 0, 0, 0, 0, 0, 0, 0, 0, 0, 0, 0, 0, 0, 0, 0, 0, 0, 0, 0, 0, 0, 0, 0, 0, 0, 0, -77, -77, -77, -77, -77, -77, -77, -77, 0, 0, 0, 0, 0, 0, 0, 0, 0, 0, 0, 0, 0, 0, 0, 0, 0, 0, 0, 0, -77, -77, -77, -77, -77, -77, -77, -77, 0, 0, 0, 0, 0, 0, -78, -78, -78, -78, -78, -78, -78, -78, 0, 0, 0, 0, 0, 0, 0, 0, 0, 0, 0, 0, 0, 0, 0, 0, 0, 0, 0, -74, -74, -74, -74, -74, -74, -74, -74, 0, 0, 0, 0, 0, 0, 0, 0, 0, 0, 0, 0, 0, 0, 0, 0, 0, 0, 0, 0, 0, 0, 0, 0, 0, 0, 0, 0, 0, 0, 0, 0, 0, 0, 0, 0, 0, 0, 0, 0, 0, -67, -67, -78, -78, -78, -78, -78, -78, -78, -78, 0, 0, 0, 0, 0, 0, 0, 0, 0, 0, 0, -78, -78, 
ec:c8:82:7a:df:6f, 161, sMobileNet, 0, 0, 0, 0, 0, 0, 0, -85, -85, -85, -85, -85, -85, -85, -85, -85, 0, 0, 0, 0, 0, 0, 0, 0, 0, 0, 0, 0, 0, 0, 0, 0, 0, 0, 0, 0, 0, 0, 0, 0, 0, 0, -84, -84, -84, -84, -84, -84, -84, -84, -84, -88, -88, -88, -80, -80, -86, -86, -86, -86, -86, -86, -86, -86, -86, 0, -80, -80, -80, -80, -80, -80, -80, -80, -81, -81, -81, -81, -81, -86, -86, -86, -82, -82, -82, -82, -82, -86, -86, -86, -86, -86, -86, -86, -86, -86, -86, -86, -86, -86, -86, -86, -86, -86, 0, 0, 0, 0, 0, -85, -85, -85, -85, -85, -85, -85, -85, -85, -85, -85, -85, 0, 0, -85, -85, -85, -85, -85, -85, -85, -85, -85, 0, 0, 0, 0, 0, 0, 0, 0, -80, -80, -80, -80, -80, -80, -80, -80, -80, 0, 0, 0, -87, -87, -87, -87, -87, -87, -87, -87, -87, 0, 0, -86, -80, -80, -80, -80, -80, -80, -80, -80, -80, 0, 0, 0, 0, -80, -80, -80, -80, -80, -86, -86, -86, -86, -86, -85, -85, -85, -85, -85, -85, -85, -85, -85, -85, -85, -86, -86, 
ec:c8:82:7a:df:6d, 161, Universitie, 0, 0, 0, 0, 0, 0, 0, 0, -86, -86, -86, -86, -86, -86, -86, -86, -86, -86, -86, -86, -86, -86, -86, -86, -86, -86, 0, 0, 0, 0, 0, 0, -86, -86, -86, -85, -85, -86, -86, -86, -86, -86, -86, -85, -85, -85, -85, -85, -85, -80, -80, -80, -80, -80, -85, -85, -85, -85, -85, -85, -85, -85, -85, 0, 0, 0, -84, -84, -84, -79, -79, -79, -81, -81, -81, -81, -81, -81, -81, -86, -86, -86, -86, -86, -86, -86, -86, -86, 0, 0, 0, 0, 0, 0, 0, 0, 0, 0, 0, 0, 0, 0, 0, 0, -84, -84, -84, -84, -84, -84, -84, -84, -84, -80, -80, -80, -80, -80, -80, -80, -80, -80, 0, 0, 0, 0, 0, 0, 0, 0, 0, 0, 0, 0, 0, 0, 0, 0, 0, 0, -86, -86, -85, -85, -85, -85, -85, -85, -85, -85, -85, 0, 0, 0, 0, 0, 0, 0, 0, -79, -79, -79, -79, -79, -79, -79, -79, -80, -80, -80, -80, -80, -80, -80, -80, -80, 0, -86, -86, -86, -86, -86, -86, -80, -80, -80, -80, -80, -84, -84, -84, -84, -84, -84, -84, -84, -84, 0, 0, 0, 
ec:c8:82:7a:df:62, 1, Universitie, 0, 0, 0, 0, 0, 0, 0, 0, 0, -78, -78, -78, -78, -78, -78, -64, -64, -64, -64, -64, -64, -64, -64, -78, -78, -78, -78, -78, -78, -78, -78, -78, -78, -78, 0, -78, -78, -78, -78, -78, -78, -64, -64, -64, -64, -64, -80, -80, -80, -78, -78, -78, -78, -78, -78, -78, -78, 0, -64, -64, -64, -64, -64, -64, -64, -64, -64, -64, -64, 0, 0, 0, -64, -64, -64, -64, -64, -64, -64, -64, -64, -64, -64, -65, -65, -65, -65, -65, -65, -65, -65, -64, -64, -64, -64, -64, -78, -78, -78, -79, -79, -79, -79, -79, -79, -79, -79, -78, -78, -78, -78, -78, -78, -78, -78, 0, 0, 0, 0, 0, 0, -79, -79, -79, -64, -64, -78, -65, -65, -65, -65, -65, -65, -65, -65, 0, 0, 0, 0, 0, 0, 0, 0, 0, 0, -78, -78, -78, -78, -78, -78, -78, -78, 0, 0, 0, 0, 0, 0, 0, 0, -78, -78, -78, -78, -78, -78, -78, -78, -78, -78, -78, -78, -78, -78, -78, -78, -77, -64, -64, -77, -64, -64, -65, -65, -77, -65, -65, -78, -65, -65, -78, -78, -78, -65, -65, -78, -78, -78, -78, 
ec:c8:82:7a:df:6b, 161, eduroam, 0, 0, 0, 0, 0, 0, 0, 0, 0, 0, 0, 0, 0, 0, -85, -85, -85, -85, -85, -85, -85, -85, -85, 0, 0, 0, 0, 0, 0, 0, 0, 0, 0, 0, -86, -86, -86, -86, -86, -86, -86, -86, -86, 0, 0, -84, -84, -84, -84, -80, -80, -80, -80, -80, -86, -86, -86, -86, -86, -86, -86, -86, -86, -86, -86, -85, -85, -85, -85, -85, -85, -85, -85, -85, 0, 0, 0, 0, 0, -85, -85, -85, -85, -85, -85, -80, -80, -80, -80, -80, -80, -80, -80, -80, 0, 0, 0, 0, 0, 0, 0, -85, -85, -85, -85, -85, -85, -85, -85, -87, -87, -87, -87, -87, -87, -87, -87, -87, 0, 0, 0, 0, 0, 0, 0, 0, 0, 0, 0, 0, 0, 0, 0, 0, 0, 0, 0, 0, 0, -86, -86, -86, -86, -86, -86, -86, -86, -86, -78, -78, -78, -78, -78, -78, -78, -78, -78, 0, 0, 0, 0, 0, 0, 0, 0, 0, 0, -80, -80, -80, -80, -86, -86, -86, -86, -79, -79, -79, -79, -79, -79, -79, -86, -79, -79, -85, -85, -85, -85, -85, -86, -86, -86, -85, -85, -85, -85, -85, -85, -85, 
ec:c8:82:7a:df:6e, 161, PCCW, 0, 0, 0, 0, 0, 0, 0, 0, 0, 0, 0, 0, 0, 0, 0, 0, 0, 0, 0, 0, 0, 0, 0, 0, 0, 0, 0, 0, 0, -84, -80, -80, -86, -86, -86, -86, -86, -86, -86, -86, -86, 0, 0, 0, -80, -80, -80, -80, -80, -80, -80, -80, -80, 0, 0, -84, -84, -84, -84, -84, -84, -85, -85, -85, -85, -85, -85, -85, -85, -86, -86, -86, -85, -85, -85, -85, -85, -85, -85, -85, -85, 0, 0, 0, 0, -85, -85, -85, -85, -85, -85, -84, -84, -84, -84, -84, -84, -84, -84, -84, 0, 0, 0, 0, 0, 0, 0, 0, -80, -80, -80, -80, -80, -85, -85, -85, -85, -85, -85, -85, -85, -85, -85, -85, -85, -80, -80, -80, -80, -80, -80, -80, -80, -80, 0, 0, 0, 0, 0, 0, -85, -85, -85, -85, -85, -85, -85, -85, -84, -84, -84, -84, -84, -84, -84, -84, -84, -80, -80, -86, -86, -86, -86, -86, -86, -86, -86, -87, -87, -87, -87, -87, -87, -87, -87, -85, -85, -85, -86, -86, -86, -86, -86, -86, -86, -86, -86, 0, -86, -86, -86, -86, -86, -86, -86, -86, -86, 0, 0, -85, 
ec:c8:82:7a:df:6a, 161, Alumni, 0, 0, 0, 0, 0, 0, 0, 0, 0, 0, 0, 0, 0, 0, 0, 0, 0, 0, 0, 0, 0, 0, 0, 0, 0, 0, 0, 0, 0, 0, -86, -86, -86, -86, -86, -86, -86, -86, -86, -85, -85, -85, -86, -86, -86, -85, -85, -85, -85, -85, -85, -79, -79, -79, -79, -79, -79, -79, -79, -79, -79, -79, -79, 0, 0, -80, -80, -80, -82, -82, -82, -82, -82, -86, -86, -86, -86, -86, -86, -79, -79, -79, -79, -79, -79, -79, -87, -87, -87, -85, -85, -85, -85, -85, -85, -85, -85, -85, 0, 0, 0, -79, -79, -79, -79, -79, -79, -79, -79, -79, 0, -85, -85, -85, -85, -85, -85, -85, -85, -85, 0, 0, 0, -79, -79, -86, -86, -86, -86, -86, -86, -86, -86, -86, 0, 0, 0, 0, 0, 0, 0, -85, -85, -85, -85, -85, -85, -85, -85, -85, 0, 0, -86, -86, -86, -86, -86, -86, -86, -86, -86, 0, 0, -85, -85, -85, -85, -85, -85, -85, -85, -80, -80, -80, -80, -80, -80, -80, -80, -81, -81, -81, -81, -81, -81, -81, -81, -81, -81, -85, -85, -85, -85, -85, -85, -84, -84, -84, -80, -80, 
00:25:84:22:ff:81, 1, Universitie, 0, 0, 0, 0, 0, 0, 0, 0, 0, 0, 0, 0, 0, 0, 0, 0, 0, 0, 0, 0, 0, 0, 0, 0, 0, 0, 0, 0, 0, 0, 0, 0, 0, 0, 0, 0, 0, 0, 0, 0, 0, 0, 0, 0, 0, 0, 0, 0, 0, 0, 0, 0, 0, 0, 0, 0, 0, 0, -58, -58, -58, -58, -58, -58, -58, -58, 0, -63, -63, -76, -76, -76, -76, -76, -78, -78, -78, -78, -78, -78, -78, -78, 0, 0, 0, 0, 0, 0, 0, 0, 0, 0, 0, 0, 0, 0, 0, 0, 0, 0, 0, 0, 0, 0, 0, 0, 0, 0, 0, 0, 0, 0, 0, 0, 0, 0, 0, 0, 0, 0, 0, 0, 0, 0, 0, 0, 0, 0, 0, 0, 0, 0, 0, 0, 0, -77, -77, -77, -77, -77, -77, -77, -77, 0, 0, 0, 0, 0, 0, 0, 0, 0, 0, 0, 0, 0, 0, 0, 0, 0, 0, 0, 0, 0, 0, -64, -64, -64, -64, -64, -65, -65, -65, -65, -65, -65, -65, -65, 0, 0, -77, -77, -77, -77, -77, -77, -77, -77, -78, -64, -64, -64, -64, -64, -64, -64, -78, -78, -78, -79, 
00:25:84:23:01:4e, 48, Universitie, 0, 0, 0, 0, 0, 0, 0, 0, 0, 0, 0, 0, 0, 0, 0, 0, 0, 0, 0, 0, 0, 0, 0, 0, 0, 0, 0, 0, 0, 0, 0, 0, 0, 0, 0, 0, 0, 0, 0, 0, 0, 0, 0, 0, 0, 0, 0, 0, 0, 0, 0, 0, 0, 0, 0, 0, 0, 0, -82, -82, -82, -82, -82, -82, -82, -82, 0, 0, 0, 0, 0, 0, 0, 0, 0, 0, 0, 0, 0, 0, 0, 0, 0, 0, 0, 0, 0, 0, 0, 0, 0, 0, 0, 0, 0, 0, 0, 0, 0, 0, 0, 0, 0, 0, 0, 0, 0, 0, 0, 0, 0, 0, 0, 0, 0, 0, 0, 0, 0, 0, 0, 0, 0, 0, 0, 0, 0, 0, 0, 0, 0, 0, 0, 0, 0, 0, 0, 0, 0, 0, 0, 0, 0, 0, 0, 0, 0, 0, 0, 0, 0, 0, 0, 0, 0, 0, 0, 0, 0, 0, 0, 0, 0, 0, 0, 0, 0, 0, 0, 0, 0, 0, 0, 0, 0, 0, 0, 0, 0, 0, 0, 0, 0, 0, 0, 0, 0, 0, 0, 0, 0, 0, 0, 0, 0, 0, 0, 0, 0, 0, 
6a:df:dd:15:f3:90, 1, AndroidAP, 0, 0, 0, 0, 0, 0, 0, 0, 0, 0, 0, 0, 0, 0, 0, 0, 0, 0, 0, 0, 0, 0, 0, 0, 0, 0, 0, 0, 0, 0, 0, 0, 0, 0, 0, 0, 0, 0, 0, 0, 0, 0, 0, 0, 0, 0, 0, 0, 0, 0, 0, 0, 0, 0, 0, 0, 0, 0, 0, 0, 0, 0, 0, 0, 0, 0, 0, 0, 0, 0, 0, 0, 0, 0, 0, 0, 0, 0, 0, 0, 0, 0, 0, 0, 0, 0, 0, 0, 0, 0, 0, 0, 0, 0, 0, 0, -82, -82, -82, -82, -82, -82, -81, -81, -84, -84, -82, -82, -82, -82, -82, -82, -82, -80, -80, -80, -80, -80, -80, -80, -80, -80, -85, -83, -76, -76, -76, -76, -76, -76, -76, -76, -76, 0, 0, 0, 0, 0, 0, 0, 0, 0, 0, 0, 0, 0, 0, 0, 0, 0, 0, 0, 0, 0, 0, 0, 0, 0, 0, 0, -82, -82, -82, -82, -82, -82, -82, -82, -83, -83, -83, -81, -85, -85, -85, -85, -85, -85, -85, -85, -85, 0, 0, 0, 0, 0, 0, 0, 0, 0, 0, 0, 0, 0, 0, 0, 0, 0, 0, 0, 
